"policyBeliefs","effectiveness","logDist","risk","city"
"0.0541194623436872","-0.606958685207481","0.253314047505092","2.3856163413705","Alpine"
"0.364275326914802","-0.0798328800350529","0.706010345449042","-0.450350841190568","Alpine"
"0.308731361960932","-0.25947063809397","-0.868012247564018","-2.74478978604331","Alpine"
"-1.68621459032115","0.732252626082045","-0.198152325296738","-0.252672099425504","Alpine"
"0.374660473590417","-1.30559789269203","-0.104449939766524","0.822855550051848","Alpine"
"0.0115760904192592","1.42152631201925","0.589385446949193","1.29989649025965","Alpine"
"-0.865842926023391","-0.417864976941264","0.618990976288955","0.457916992311297","Alpine"
"0.408862746456026","0.360416955909438","0.962088007569296","0.913710040513286","Alpine"
"-0.457722220974246","-1.11718143685228","0.376385772490133","-0.58799050825798","Alpine"
"0.286031655968571","-0.393574128806237","-0.151866521205278","0.069716710668515","Alpine"
"-0.510268120564351","-0.799215285457574","0.318013481042154","-0.167765081194603","Alpine"
"-0.124514000655062","2.02115542733268","0.722066960957624","2.03792208372465","Alpine"
"2.45603594536688","0.00581156701250921","0.635322933919885","-0.467685214789998","Alpine"
"-0.67820671942792","0.0640638892857746","0.6132262527871","1.09139328221944","Alpine"
"-0.614047858041181","-0.541882752466913","-0.551342497799508","-0.373607478462451","Alpine"
"1.09192553291828","0.119949481433088","-0.301148587577177","-0.271951562494682","Alpine"
"-0.215621629211562","-0.659428918235155","0.85207348826987","0.964508201333367","Alpine"
"-2.56322755722417","1.20017581088047","0.419130932753387","1.48896737554965","Alpine"
"-1.42080413347146","-0.618586490854943","-0.120671631647294","1.32431137589536","Alpine"
"-0.579368144814084","0.420385519847556","-0.176514153636","-0.704475538531898","Alpine"
"-1.37422118513676","1.191781366277","-0.210243727837627","0.377619276300777","Alpine"
"-1.26632888714096","0.182657986873028","-0.202607452442853","-0.615956452276173","Alpine"
"0.321457748194403","0.3941929680511","1.57983268766901","0.181483709788446","Alpine"
"-0.463850900624585","-0.253911391018894","0.432691886683748","0.610213118708784","Alpine"
"-0.114941230116312","0.68928884693903","0.348919647052496","-0.0418909378210617","Alpine"
"1.33657021634873","0.202142901348487","0.579160856360142","-0.864047709711032","Alpine"
"-0.428134677491986","1.12621328600514","-0.158468142478794","-0.507650844351405","Alpine"
"-1.44358857256621","0.862902052029216","-0.361317262223389","0.0554009728298663","Alpine"
"1.02318400002753","-0.560450202609446","-0.791401574733952","-1.75264996531317","Alpine"
"0.00895268403721056","-0.17031015971529","-0.121335619434927","-1.19471788318129","Alpine"
"0.821427216384526","-0.318560374747314","-0.813677031349316","-0.742249208212021","Alpine"
"0.00784289542770844","-1.15980942513305","0.465816349996504","0.0644913429099553","Alpine"
"0.462765477146629","-0.0254573003243082","0.636295779393386","2.01892766446389","Alpine"
"-0.591534436875596","0.439429661004719","0.534852001432042","-0.0281509789913263","Alpine"
"0.343069114340234","-2.51302292199914","0.620736960802733","0.351825214662991","Alpine"
"-0.885884217254434","1.36451716183822","-0.0913392300889975","-0.402265634493787","Alpine"
"-0.476981546479376","1.2588350740389","1.14971560392546","-0.906460912082505","Alpine"
"-1.34988413767028","0.893923971433151","0.812653104745434","0.695331706563327","Alpine"
"-1.53285583174146","-0.380100723201192","0.229342343666194","0.470947590677374","Alpine"
"-0.929419253486864","1.04591571590553","1.48469666433671","0.383051354816197","Alpine"
"1.00684878251053","-0.121903814911496","1.23294984696693","-0.909230349494989","Alpine"
"-1.12105952979755","0.970508961043264","-0.418409997999535","0.439900910851971","Alpine"
"0.232825704742035","0.183584290169452","-1.10698302373489","-0.843993219159081","Alpine"
"-0.511692487025178","-0.380319404932518","1.46104810684661","2.15479613688689","Alpine"
"-0.169197877039563","0.158572174703499","0.143596911193775","-0.151261577990225","Alpine"
"-0.576059467950823","0.30628296911998","-0.252116761486144","-0.668867454904047","Alpine"
"0.758675799531125","-0.0240241496965088","-0.798755933862402","-0.5603384911564","Alpine"
"-0.520959958650386","0.378801617116807","1.05187799639784","-0.991569615113313","Alpine"
"-0.409194914752953","0.497134628978498","0.281241204300439","-0.744566475871858","Alpine"
"0.507690885974219","0.114518074959903","0.242745348307662","-0.162510636698191","Alpine"
"0.944465109248442","-0.886550492999945","1.05753069396815","0.118574856829029","Alpine"
"0.151499414613688","2.37389203752917","1.16583397583305","1.38602936987509","Alpine"
"-1.0101553462143","0.256052738597145","0.220240260570802","0.206589695931436","Alpine"
"-0.0759071389927857","0.159949799191558","0.120374371398002","0.741673863866412","Alpine"
"-0.721188120850997","-0.166894717592489","0.197788542262547","1.77545865169839","Alpine"
"0.855766839251468","-0.654627329852145","0.81007027284001","0.209074646923035","Alpine"
"0.331196676099213","0.103317472200215","-0.509313360362373","-3.12826034892941","Alpine"
"0.718228074873223","1.13307457786833","0.355085114320019","-0.925272392099545","Alpine"
"0.201206758911283","-2.63727819589166","0.336450977238066","0.313571688405419","Alpine"
"-1.3501197826485","-0.143691514764575","-0.831067559532886","0.696216274433622","Alpine"
"0.431452409173513","-1.6572709268806","0.747966326020028","1.75620364595131","Alpine"
"-1.48175942587543","1.25683772323837","-0.794870465362821","0.0133081029301614","Alpine"
"-0.255956662971807","0.516947866186479","-1.14952391438335","0.975357387724523","Alpine"
"1.31699955042497","0.190278711182272","-0.56419035391004","-0.00459527612896378","Alpine"
"-1.55982114976408","0.784491475738436","-0.158614255444776","-0.691452603675441","Alpine"
"-0.00556078704471075","-0.273257655311011","-0.142332482859312","0.945171289193254","Alpine"
"-0.46594698140961","1.43361536154251","1.0352387086769","1.53652873722081","Alpine"
"-0.37694477219901","-0.83600145406506","1.01189808892456","-0.784167776659029","Alpine"
"0.0946431174378051","0.153226134056545","1.66625587879032","0.529447427999339","Alpine"
"-0.913575602442267","1.25055750581236","2.12007659409578","2.51653631939889","Alpine"
"-1.71571645596598","-0.747576874174367","0.0563706048141686","-0.0911376114247202","Alpine"
"-1.52240758498511","0.881303853636193","-0.270666734091449","0.986101603971516","Alpine"
"0.342351734633152","0.26089094398372","-0.19830359001274","-0.0824176366088332","Alpine"
"-0.313413294654385","2.36391699924682","1.70544161370469","1.23680430617052","Alpine"
"-0.723556475927749","-0.0612363300636413","0.88101082313802","1.94031635904371","Alpine"
"-0.60803632069376","0.387760874516365","-1.62071926382","-1.2105452230431","Alpine"
"1.50990353019245","1.52137711126552","1.90397429252954","-0.388881830756693","Alpine"
"-0.711398816148309","1.39794941814989","0.267439834210585","1.11875320853432","Alpine"
"0.118528116859969","-0.90444399617246","-1.42850681111639","0.227348635197457","Alpine"
"2.75185222087743","-1.35781277271377","-0.259304711805314","-1.50621338742155","Alpine"
"0.877810392818165","0.0880550499627187","-0.857938404934254","-0.539481655970095","Alpine"
"-1.83293971596336","-0.495818971302025","0.565607538182002","0.729426657938301","Alpine"
"-0.573012773978122","0.0229134286824036","-0.145387211998769","0.552583858032651","Alpine"
"-1.07254080542292","1.17219619785754","1.30849282486073","-0.935848021693451","Alpine"
"0.598587638331278","0.533026777833472","0.102080895101337","-0.965624062694441","Alpine"
"0.121437801210431","1.0509086436455","0.322806787031498","0.869457365464107","Alpine"
"0.235613707399114","1.11124624982468","0.981522626102215","-0.518270323238211","Alpine"
"-0.834564956069056","0.923710899396369","-0.887196648971103","-0.394711834505071","Alpine"
"-0.974183101813783","0.0491850486003294","0.623411621048965","-0.26938858461754","Alpine"
"0.122124630669375","0.556778977016205","0.569539294526135","0.30202605971179","Alpine"
"-0.262997930983503","0.838875062973818","0.95516705361114","-1.3346061430686","Alpine"
"-0.302567257922912","0.490732910860684","1.39338567632242","-0.569111907075147","Alpine"
"-1.48137358066093","-0.0756296833893004","1.25506832760271","-1.73011065341859","Alpine"
"-0.173927455969014","1.59525227892696","0.369930372419919","-1.88625543918123","Alpine"
"0.476978644304326","-0.550377611493827","2.04231408796543","2.64575052022311","Alpine"
"1.38667403157913","-1.10463081808677","0.0492375582481958","-0.910661910010378","Alpine"
"0.578598707379647","-0.782784299880235","0.431070270888701","0.781869934062868","Alpine"
"-0.337491525514691","1.38279913376984","0.226706056152288","0.199556006604984","Alpine"
"0.560922531081414","-0.995319396052278","0.685320141672501","1.08849083204274","Alpine"
"0.473654695814419","0.289630982614595","-0.710291997466086","0.334497912658667","Alpine"
"1.7225661230506","-0.277873567702702","-0.649789097190569","-1.60547002361327","El Cajon-Lakeside"
"-0.366029498681485","0.871951881689978","-0.400530291719346","1.50895111572683","El Cajon-Lakeside"
"0.375531994950213","-0.169796254090338","-1.0804625848615","-0.202127186726489","El Cajon-Lakeside"
"-0.463896390580027","-2.42807567826601","-3.34763574968577","-2.28852260542077","El Cajon-Lakeside"
"0.0865600202894624","2.03341598617218","-0.585840041526517","0.115148456515426","El Cajon-Lakeside"
"1.09209715884591","-0.162964126182744","-1.08442668080906","-0.339368096910839","El Cajon-Lakeside"
"0.375932960778345","-0.645579347734786","-1.63737184506399","-0.0499323831751921","El Cajon-Lakeside"
"-0.00258536113449672","-0.925167155522698","-1.11667381529278","-0.440690693235567","El Cajon-Lakeside"
"0.64071836432727","0.190895110457703","-1.7515314575719","-0.0463016247363728","El Cajon-Lakeside"
"-1.43504843766427","-1.43074482986093","-1.28127916016856","0.897708228289042","El Cajon-Lakeside"
"-0.126122231783284","-0.577564397558601","-2.33043312358184","1.76445838380097","El Cajon-Lakeside"
"0.0287992323432371","-1.294538510181","-2.81002636345314","0.246013365194999","El Cajon-Lakeside"
"0.495218417037563","-0.955750768197174","-1.64911581163242","0.630166691182853","El Cajon-Lakeside"
"0.579343861549467","0.237583999980361","-1.1382897468562","-0.177397592838652","El Cajon-Lakeside"
"0.752615578937839","-1.86598942026011","-0.300677403880684","0.310847666527497","El Cajon-Lakeside"
"0.146690534055374","0.181468792600243","-0.78441005168576","0.476137171433913","El Cajon-Lakeside"
"-0.64183598768567","0.500410203162559","-0.312587356666029","-1.25460340990893","El Cajon-Lakeside"
"0.91308174974369","0.445668285678319","-1.48982742333457","-0.39966725410126","El Cajon-Lakeside"
"1.18296704443115","-0.852922050075967","-1.21402947206914","-0.450645859083873","El Cajon-Lakeside"
"-1.61374246411377","-0.937441617351573","-3.14309380198621","-0.341474546021075","El Cajon-Lakeside"
"-0.830195286001523","-1.51687341836703","-0.724015233169578","-1.85155109299264","El Cajon-Lakeside"
"-0.813435019551495","0.231366607098087","0.28662372551639","-0.45707680641356","El Cajon-Lakeside"
"0.117709078017107","0.813533512294782","-0.444836814665275","-1.30932525701801","El Cajon-Lakeside"
"1.49198811914005","0.345642640446038","-0.47616034128034","-0.531102103825372","El Cajon-Lakeside"
"-0.732638373330504","-0.344464130631387","-3.6047439803981","0.520826910216628","El Cajon-Lakeside"
"0.796369184461263","-0.447193909895063","-0.568338341200953","1.00898466664142","El Cajon-Lakeside"
"0.599960197224508","-1.73321394086732","-1.60534226056081","-0.568886185802889","El Cajon-Lakeside"
"-0.0671889216164178","-0.52351956950234","-1.4843635507843","1.43357312405294","El Cajon-Lakeside"
"-0.696770100166901","0.788297517999911","0.794300552971681","-1.94768621841488","El Cajon-Lakeside"
"-0.67447760359","-0.535152288296898","-0.468427299189349","-1.00155314162882","El Cajon-Lakeside"
"-1.33026965952858","0.329163042656802","-1.17131035329229","0.750290271829334","El Cajon-Lakeside"
"-1.34165359968553","0.95082618872083","-0.157395021125","-0.686981023449196","El Cajon-Lakeside"
"1.68160750768071","0.564716821757101","1.09350706529361","-1.19094343479695","El Cajon-Lakeside"
"-1.32789681698943","-0.385337782421483","-2.12529379245968","-0.51340262120991","El Cajon-Lakeside"
"-0.512162112985763","-1.52104334909981","-1.12405640217263","0.232625124683894","El Cajon-Lakeside"
"0.127817462267881","0.126817771124083","-1.64159163766806","-1.41689791205801","El Cajon-Lakeside"
"-0.627893441008526","1.83095159287044","-1.40786455737745","-0.911844718732651","El Cajon-Lakeside"
"2.30108031279798","-0.654275851126745","-2.26692056404355","-0.515825330932151","El Cajon-Lakeside"
"-0.959571295005786","0.254313830395823","-0.453206721984009","-2.60661255523812","El Cajon-Lakeside"
"0.507398329417333","0.482151450917508","-1.65818563539754","0.768098463470162","El Cajon-Lakeside"
"-0.65972480506395","0.279827330989927","-2.06669470423428","0.899577258691605","El Cajon-Lakeside"
"-0.850265679145835","0.445349240456749","0.229392606598447","-0.273976282090215","El Cajon-Lakeside"
"-0.564334182706555","0.279847051341608","-2.82844869236578","-0.0999849969255607","El Cajon-Lakeside"
"1.34482436898417","-1.46350796853982","-1.24296254496219","0.142993872308317","El Cajon-Lakeside"
"0.346238753194547","-0.730902390700007","0.0129659547915337","-0.318629811746433","El Cajon-Lakeside"
"-1.21682932266215","1.14378717271142","-1.56239300443262","-0.650950405439356","El Cajon-Lakeside"
"0.311890471582736","-0.341613737811307","-1.63716078884481","-0.13650788174601","El Cajon-Lakeside"
"0.826591172949287","-0.0134682330889694","-1.54647420477076","-0.244844345784731","El Cajon-Lakeside"
"-1.0066173451656","0.862681681078749","-1.59044125260752","-0.577275962601256","El Cajon-Lakeside"
"0.238729094075811","-0.346368382442676","-0.523198392034895","-0.196473559847717","El Cajon-Lakeside"
"-0.952195917771961","-0.152157870324799","-0.0654679954613545","-1.14553961453381","El Cajon-Lakeside"
"0.308451372324373","-0.131086990246969","-2.59563730259413","-0.778544950225406","El Cajon-Lakeside"
"0.612978433484174","-2.4475047556744","-0.830820920458463","-1.30643598799212","El Cajon-Lakeside"
"-1.08271841491256","0.160923532114482","-1.81041610158109","0.119785769721989","El Cajon-Lakeside"
"-0.472086328045589","-1.53567569712747","0.217099865867196","-2.43246818003769","El Cajon-Lakeside"
"-1.76866114173477","1.59262332874806","-1.7555054084839","1.09633304194807","El Cajon-Lakeside"
"0.617602376545734","1.85132693662761","-0.588472503785306","-0.726624295236207","El Cajon-Lakeside"
"0.508007484945985","-1.45192094100464","0.286519311701932","-0.697263579466443","El Cajon-Lakeside"
"-1.17638851880295","-0.986237757034587","0.474122328653986","-1.05609033011824","El Cajon-Lakeside"
"-0.957080035806753","-0.599379028555629","-0.0929010104421818","-0.912840059437416","El Cajon-Lakeside"
"-0.24265291419968","-1.90290036740654","-1.46381279816959","-1.16484790176351","El Cajon-Lakeside"
"-0.0377155367792046","0.704696160295056","-0.597604485713627","-1.06856265793743","El Cajon-Lakeside"
"0.423222437560648","0.0559009147546418","-1.13314292651044","0.188151052189904","El Cajon-Lakeside"
"1.51407230023206","0.398527449382911","0.523667541626191","-1.63934060856445","El Cajon-Lakeside"
"0.693210532122146","1.27275752490375","-0.883308301080059","-0.14164795073065","El Cajon-Lakeside"
"0.948830243210972","-0.450465103260777","-2.18470697789164","-1.60840040194577","El Cajon-Lakeside"
"-1.36244947074729","1.24778670645165","-0.251933597602785","-0.0826989144842704","El Cajon-Lakeside"
"-1.77451972016233","-0.766160018448394","-1.12109511965303","-0.526305738433962","El Cajon-Lakeside"
"0.992233585642152","-1.53569820553056","-1.27403676282295","0.058704925719918","El Cajon-Lakeside"
"0.946105262266352","-0.563055788485877","0.281930131354957","-1.39962374783318","El Cajon-Lakeside"
"-0.827615787042214","0.416460567974391","-1.81462488678812","-2.18571013926802","El Cajon-Lakeside"
"1.56356026223565","0.269157405606423","-0.638776779147747","0.212986876499327","El Cajon-Lakeside"
"-0.317372039585204","0.20946584255634","0.0627783035990329","-1.40820532350677","El Cajon-Lakeside"
"-2.07817202974342","1.33408434798525","-1.31960965665709","-2.89805304769496","El Cajon-Lakeside"
"-0.913252859289304","-1.09128312649035","-0.360876617615705","-1.2520478833346","El Cajon-Lakeside"
"1.15314726831591","0.43746878149306","0.756983999647581","1.72054465761638","El Cajon-Lakeside"
"-0.641523071924925","0.00112685026084973","-0.341214263601518","-0.937890576590747","El Cajon-Lakeside"
"-0.997896256162987","-0.192965595825132","-0.854043561543157","-0.816925098416597","El Cajon-Lakeside"
"-1.53149896045555","-0.657161763731842","0.498269245261551","-0.318128662580184","El Cajon-Lakeside"
"1.26290873384819","-1.244313085724","-0.870579292473103","-1.62398649504251","El Cajon-Lakeside"
"0.316491850227371","0.147414724517411","0.173722344429318","-0.743154687365275","El Cajon-Lakeside"
"-0.538715026630341","-1.48856869675506","-1.97444149562928","-0.262160669083182","El Cajon-Lakeside"
"-0.557795722098518","-1.50899284849511","-2.4577713425391","0.113695742502946","El Cajon-Lakeside"
"-0.92271172525581","0.912140491116981","-0.950081032818596","0.735242860136534","El Cajon-Lakeside"
"0.743983418360244","0.630034412434993","-2.24905234961343","-0.848149628923376","El Cajon-Lakeside"
"-0.123841059480633","1.66992933799567","-0.262836343133978","-0.921850477544695","El Cajon-Lakeside"
"-1.25849672081249","0.292348730046844","-1.24584001326264","-0.803966468077232","El Cajon-Lakeside"
"-0.287729566844481","0.105823781270932","-0.918650039868482","1.19113810587998","El Cajon-Lakeside"
"0.516094002426952","0.56829440959199","-0.785002125451076","0.73639118182522","El Cajon-Lakeside"
"-0.33039747098823","-0.495864093416534","-1.0468859554742","-1.47427648762739","El Cajon-Lakeside"
"0.83019301345634","-0.746796882501298","0.288823829251776","-0.785575768533527","El Cajon-Lakeside"
"0.39049798484443","1.19232763556669","0.268557764623781","-0.157040462171632","El Cajon-Lakeside"
"0.0422289160341881","-1.32481959096299","-0.941955327735005","-0.298146818378829","El Cajon-Lakeside"
"0.308791066120581","0.608964819924362","0.204472968353768","-2.51171023978071","El Cajon-Lakeside"
"0.0435388316106272","-0.458301144642125","-1.70286796745096","0.559362895012761","El Cajon-Lakeside"
"0.487982953990073","-0.35104305371023","-1.16194395162986","-1.27705074134006","El Cajon-Lakeside"
"-0.837380275158154","-0.568059298288926","-1.59535477118643","0.787546349009584","El Cajon-Lakeside"
"1.41414893892683","0.256923949365551","-2.04259653811464","-2.66621561133404","El Cajon-Lakeside"
"-0.551575729335236","0.433332105595487","-0.869733004110061","-2.14894929803158","El Cajon-Lakeside"
"-1.61392431127651","0.879445152863362","-1.43164577340665","-0.145398080333695","El Cajon-Lakeside"
"1.1956156196322","-0.109343905869106","-1.49555162566771","-0.164182618610652","Ramona"
"-0.337797095384307","-0.80452968182508","0.347418931290102","-0.458916632397953","Ramona"
"-1.486822370756","-0.952160534729161","-1.26507491557666","-0.266688164257333","Ramona"
"-1.17530737976748","-1.18708048690369","0.0609110178247654","-0.827909341679216","Ramona"
"0.42326636749125","0.406728702864308","0.114877614211312","-0.0122226173617788","Ramona"
"-0.348618196728422","1.68606310304195","-1.04580724961348","1.47721647504876","Ramona"
"-1.26616953055958","-0.61118345038991","0.160596461535351","0.394782092844243","Ramona"
"1.41391788143095","-0.676708823091828","0.0676216978323591","0.104124637307974","Ramona"
"-0.311050770663933","-0.381949272567508","-0.132728942502574","0.175255682347032","Ramona"
"1.01007877184443","0.0349035030775619","-0.879716920103299","1.18527349540977","Ramona"
"-0.534920765715892","-0.812980506882109","1.17581853923588","-2.80060495960269","Ramona"
"-0.625006653363447","-0.65574094968559","-1.30958017574065","-0.476739090978325","Ramona"
"-0.777973197214823","1.32011268912202","-0.320774525342602","0.848913572817262","Ramona"
"0.64778177290383","1.05533181974584","-0.436150849440215","0.444392620548856","Ramona"
"0.625974113002332","0.499084408324427","0.629743697651125","-0.149581608534407","Ramona"
"1.53595071392507","-0.415053596662665","-0.733568688991079","-0.25860808713675","Ramona"
"-0.455352391539102","0.7546978179293","0.509348491304884","-0.959474720838164","Ramona"
"-0.338538503565869","-0.458415446481341","-1.24821407689698","0.387693498866494","Ramona"
"0.51698122519331","0.101942724407909","-1.17922546606279","0.783261652886036","Ramona"
"-1.56352185663297","0.773001058900711","-2.05866197398051","-0.178438785093821","Ramona"
"0.275073841396327","0.574549931707796","-0.622888764660477","1.65359115239204","Ramona"
"-0.667600761044479","0.224374922949407","0.350075785312858","-1.35914339636499","Ramona"
"1.33952551973154","-1.45303510854069","-0.470703486380878","-1.24813710582171","Ramona"
"0.0458716089027572","-1.71394951540427","-0.630774266680871","0.233293337435113","Ramona"
"0.0398811179006966","-1.96074770948029","-0.503869278185012","-1.20178798835348","Ramona"
"0.180265644581735","0.950352930863343","-1.16023493292805","1.4678483085718","Ramona"
"0.397988185489784","-0.251492014380136","-1.90306701697491","0.579664644271201","Ramona"
"0.436022177435391","0.858598411174091","-0.293571053009811","0.912349014793093","Ramona"
"-0.663789020545138","-0.869788243705786","-1.07230462007633","1.27869110305542","Ramona"
"0.457382080504068","-0.0853538927077313","0.381083161655871","-0.980100137133521","Ramona"
"-0.538139819550054","0.541770401896849","0.763904479565058","0.607821388899399","Ramona"
"-0.0782879790413551","-0.118734468198867","0.0624636838132172","-1.41000202942948","Ramona"
"-0.930945399384157","-0.694698212218329","1.00349970261947","1.35896460255329","Ramona"
"-0.706141834924424","1.48587525705817","0.624353351511705","-0.00146438337391347","Ramona"
"1.83095955108335","-0.0859753523296893","0.876841719943203","-0.325126593605836","Ramona"
"0.400974305257562","0.319822557930151","-0.677504847749537","0.162285264753997","Ramona"
"-0.45979739543478","1.59367676853177","-1.34314294121197","-0.227093280811247","Ramona"
"-0.827663077712379","-0.579216427504039","-0.324184005557792","0.51204686623841","Ramona"
"-1.59097854027868","0.692537626959722","-1.6586686973937","0.972675479207386","Ramona"
"0.0845042463123616","-0.313489850166581","-0.67615850421598","0.880803272854585","Ramona"
"-0.125577280525653","0.733512891899819","-0.59269016405454","-1.7352041330645","Ramona"
"0.326123392828777","-1.48159668938586","-0.833517149804386","0.141148610628888","Ramona"
"-1.80201512927104","0.249600356744132","-0.866665678615819","1.00282029816461","Ramona"
"-1.13113387783006","-0.244070367581127","-0.396311519187236","-0.979427417956318","Ramona"
"-0.828737765747557","0.435187647451456","-1.4822321424233","0.08096075626373","Ramona"
"-0.512022946336508","-0.427137009888894","-0.887782326038978","0.0908852433977056","Ramona"
"0.44118400893537","-0.245391173822504","-1.23206989276624","-0.133709389968513","Ramona"
"0.870279305684427","0.613129023377715","0.371480507332949","-0.167261089560995","Ramona"
"-1.03670426858608","1.45461485437382","-1.10768175409694","0.396413804857928","Ramona"
"-0.28047464220066","-0.13026415430493","-0.680098003434527","1.25926973284346","Ramona"
"1.24578898909914","0.821339339680594","-0.156604619871288","0.542412428115876","Ramona"
"-0.0568835252926981","0.627007432021819","0.968680557700788","0.824306131269039","Ramona"
"-0.769015016711919","-0.874641179433634","0.843919266228975","-1.2025923644429","Ramona"
"-0.0817849125946953","-2.59384307173876","1.81193155849179","-0.0897268023831626","Ramona"
"1.99927404731289","0.62253211422936","-0.0605133684857135","-1.33667642895498","Ramona"
"0.0414855486241437","1.53463988413494","0.337222135131255","0.67535542447511","Ramona"
"0.0266765540284523","-2.54836180925314","0.190216325117014","-0.618459840511001","Ramona"
"-0.603402914945657","-1.35754732933027","-0.118366395459374","-1.1495645690962","Ramona"
"-0.607538536739139","0.461173270567082","1.20499635207821","0.567121453594542","Ramona"
"-0.240661208600808","-0.757127127404656","0.445392456200925","-0.531313936825992","Ramona"
"-0.316912708923477","-0.20240886237537","-0.596923180001689","0.809158747195516","Ramona"
"-0.912500092699576","-1.5823117528786","1.04313719717552","-0.939703898696131","Ramona"
"-1.02138097849356","-0.0298220801049047","-1.75781698258267","-0.0103104276519227","Ramona"
"0.0995854310365924","-0.0599423259335753","-0.866025714197981","-1.70413123403696","Ramona"
"-0.417410731744049","-0.849646849229029","-0.138561669916201","0.291121384992834","Ramona"
"0.497256161053602","-1.03220523661925","0.3188235939418","-0.256148367177794","Ramona"
"-0.848191619070567","-3.39193087069031","1.53182269533709","-0.465747901070428","Ramona"
"-0.48474555573824","0.532931038914672","-1.04622605547582","0.338401387626633","Ramona"
"0.647243095018909","-1.41307818114589","0.0922746368304695","-0.741452979662452","Ramona"
"-1.49570218874791","2.79933491206909","0.117913093895618","0.640821452040242","Ramona"
"-1.21171319252554","0.306890754804421","0.0862036696534808","-0.254634494456115","Ramona"
"-2.41237130674249","-0.680625829562245","-1.0435915931691","-0.112436893433821","Ramona"
"-0.732890820985075","-1.53003930340484","0.825752087835311","0.215161525136661","Ramona"
"-1.61953628407985","0.000394958919445049","-2.71089366090131","0.0289637656283357","Ramona"
"1.13406840365962","-0.105393803812277","-1.12882600321313","-0.0583914253482586","Ramona"
"1.96516295507679","0.244703627215467","-0.539457042570334","-0.973245753062163","Ramona"
"0.456070309552799","-0.713397008802993","-0.740124772187125","-0.510044106875635","Ramona"
"1.87268887988327","0.569713523449221","0.00859747240177211","-0.0130027209927601","Ramona"
"-0.468670632004969","-1.67346230805456","0.662106712383691","-1.48354085622201","Ramona"
"1.54670632693359","0.550464667339307","0.0352240742751291","-1.28551816066469","Ramona"
"-1.00399566253164","2.24007254201855","1.48905428250478","-0.267691333106264","Ramona"
"-0.143312886703869","1.01960092831729","-1.80075774620607","-0.25032733425615","Ramona"
"0.0348055346943507","-1.16760848490259","-0.655181865857043","-1.54666314341977","Ramona"
"0.484324510532331","1.10058874859967","0.429716590685261","-1.01883761682955","Ramona"
"0.481362723977827","0.737411257713069","-0.278352407044811","2.21037654975268","Ramona"
"-1.21254062888817","-1.01021885389572","-0.149962348037677","-2.06851095693061","Ramona"
"-1.45192996538258","0.339028535828261","0.954810871986179","0.384081280129665","Ramona"
"0.243636586485829","0.188730557647001","-1.157216885752","-1.20863741601797","Ramona"
"-0.0632097547692268","2.18535729295419","0.514043784057834","-1.02825736346664","Ramona"
"1.29480036866021","1.45776114338817","0.280639165554819","-0.936810175874268","Ramona"
"0.501380706041033","0.654533726192903","-1.00013233915197","-0.984261610490275","Ramona"
"0.290419023321899","-0.363732003552241","-0.634838752803744","0.785961648307805","Ramona"
"0.325885121329194","0.537005887464594","-0.134091721738119","-0.248468283126684","Ramona"
"0.0364384057028319","0.862733421005996","1.43405995199147","-0.69733569280362","Ramona"
"-0.86221644174868","1.47680391027205","-0.514199909294554","1.02084860425235","Ramona"
"-0.223905488465692","0.432108814304154","0.818067838373446","-0.0116370459967994","Ramona"
"0.635107158538215","1.38822283381152","-0.908089935965857","0.442112122337449","Ramona"
"-1.94322493846584","-0.690288009929873","-0.0134915674964827","-1.21471839430819","Ramona"
"-1.4952347153046","0.558121398007547","-0.989027952015975","-0.504499080873376","Ramona"
"-1.48067718632306","-1.80733064846443","-0.332606554448307","-0.230427460031586","Ramona"
"-1.01344524663579","-0.485369595032009","0.850520569767506","-1.2864627943847","Descanso"
"1.9179788621661","-1.28026829174341","-0.913883075143182","2.64236031454676","Descanso"
"1.57079849478189","-1.31569072025678","-0.171141257853741","1.96397659291186","Descanso"
"-0.0783988346303079","1.47287948856125","-1.13666320226405","-0.556580160183922","Descanso"
"1.07740714546723","1.72423936119955","-0.884532034843171","0.156921117493267","Descanso"
"1.2896886249609","0.0457126262052743","1.59005293172687","0.32398185032825","Descanso"
"0.197564495716825","-1.82957232765902","1.12055485896361","0.342252325211444","Descanso"
"0.923870111080192","1.04297628308757","0.171280304084464","1.83301435230667","Descanso"
"0.110113700856377","1.28057622830206","0.27321701390309","-0.478849660636417","Descanso"
"0.536973498627419","0.743108984671992","-1.06783990089213","1.48702177640952","Descanso"
"-0.418670034162762","-2.1142250241945","1.39886813012971","-0.425655828000076","Descanso"
"0.931672546444141","0.357301547851651","0.074394845139612","1.75846819188222","Descanso"
"-1.0594545212092","-0.643581615634455","-0.0203412602536364","-0.133022053803737","Descanso"
"0.130943815370503","-0.111658972413431","-0.994833584454162","0.042701308434183","Descanso"
"-0.0396333795095734","0.408847731915007","-0.813755646292697","0.822962461711744","Descanso"
"-0.25939371808545","0.380276172541904","1.02472630872556","-0.511064219473594","Descanso"
"0.294096188372911","0.152514535164112","-0.807211531378764","-0.024179549585392","Descanso"
"-1.38780515793264","2.31115433183569","0.844849413006739","-0.0538674930195539","Descanso"
"-0.156580009513712","-0.0714038983583852","0.0644136176142765","0.382482754958047","Descanso"
"-0.47025681928401","-0.425639312549733","0.0450766364468673","-0.0911597648904023","Descanso"
"0.763439088151462","0.717192108783159","-0.571557503162136","0.975000639769434","Descanso"
"0.628268553355879","1.00575636426016","0.430404716057281","-0.151812781112676","Descanso"
"0.568238970301415","0.166661712150009","0.64524933357108","2.77230314060916","Descanso"
"-1.18053936613959","-0.490415643178579","1.02118193670524","0.406975120797747","Descanso"
"-1.20635763392951","1.0471318450514","-1.20893748474436","-0.143374612089282","Descanso"
"0.877933723539918","0.367721341908577","0.1936630946163","2.27636242909241","Descanso"
"0.288280043152625","1.42331012843884","0.070598047558012","1.01783379995087","Descanso"
"0.0842003081956219","0.722047285550736","0.841405620946618","-0.732328289335784","Descanso"
"1.02712058324686","0.601244681187354","0.545188901630832","-0.227451346332282","Descanso"
"0.807231892012093","0.707523994533995","0.685826731621415","-0.561239046111812","Descanso"
"-0.402698650216503","3.32314486995343","-0.191007545226472","0.40020094212265","Descanso"
"1.73669218900777","-0.29066355307363","-0.311756512634026","1.31103140554732","Descanso"
"0.304896341641283","1.58736105481117","-0.651573094868303","0.961674248219151","Descanso"
"0.529410392003889","0.061531586189243","0.937917921785872","1.56588156555829","Descanso"
"-2.35329200313216","-0.0695871122060776","0.334679453554455","0.222371971519953","Descanso"
"0.483067923875669","0.649837156743361","0.546564483089753","-0.907928467040546","Descanso"
"-0.466818144802381","2.05761758467002","-0.0185358673107751","0.183139759806387","Descanso"
"0.740993606163936","-0.118909028701121","0.762377755910152","0.248130249955246","Descanso"
"-0.286464334914958","0.287233798530776","-1.31537642531256","-0.661775311608901","Descanso"
"1.45529060208129","0.33502933616084","-1.61083394739799","0.585980511021452","Descanso"
"-1.79769771950374","0.530983867426683","-0.903325378306212","0.767157165389687","Descanso"
"2.0578136688993","-3.6544189998185","0.124495165089255","1.07186568021354","Descanso"
"-0.378912929400161","0.419771007064901","0.45197368981309","2.00573807047517","Descanso"
"-0.497479056759303","0.160920422471763","-0.580373088665953","-0.335222498881219","Descanso"
"1.62345658102889","-0.89367681129925","-1.43195025869287","1.64261671412822","Descanso"
"0.216054432083492","0.829333510368321","-0.0237004495426786","-0.801015118617573","Descanso"
"-0.158408225430796","0.978246125517401","-1.73517192823549","-0.0234882951174379","Descanso"
"1.01114986184728","-3.09895152030249","0.872591382709977","0.360801604379256","Descanso"
"0.965770343458891","0.44292469318586","-0.515781372706918","1.03588620361842","Descanso"
"1.68744804831594","0.573804039469368","-0.867718362410515","0.467922072596618","Descanso"
"0.636557931155912","-0.519349239420072","-0.0089176153842116","1.25241839816048","Descanso"
"-0.420299952110294","0.489304675714528","0.0469225913486487","0.122781394087415","Descanso"
"0.59393344642675","0.740242692746648","0.575335463880839","-0.415870939025724","Descanso"
"-0.378948609325197","2.09169824070292","-0.417375857256025","-0.0807627226445507","Descanso"
"2.31026942614814","0.861263725623974","-0.550421462353941","0.13837186009053","Descanso"
"0.550997300502946","0.758387648794124","0.425347803962423","-0.429885611480198","Descanso"
"0.338873088871861","-1.30567580223277","2.02370737640398","-0.96899777743162","Descanso"
"1.5167905867643","-1.40253038785175","-1.74130367758559","-0.168742659423615","Descanso"
"-0.14733122009874","-1.05420316091515","1.08332746658268","-1.65636783049468","Descanso"
"-0.233660016301137","1.35227582383589","0.799402567263707","-0.151888128300509","Descanso"
"-0.014406270285225","0.574346153022497","-0.194060377694405","1.2775971071125","Descanso"
"0.402130203525212","-1.77543233682449","0.56701090220658","-1.44219052053424","Descanso"
"-0.530119764339606","1.28309149094291","-1.05571147399335","-0.898626686937661","Descanso"
"0.545759301691637","-0.086058019207404","0.165176070222483","0.0905211785934552","Descanso"
"-1.49521566689196","-1.64657570948589","1.85528043480239","0.732354971094147","Descanso"
"0.582242896071237","-0.289336346877142","0.265894456906456","0.486379880431366","Descanso"
"0.579424250334486","-0.589009085435735","-0.998028640171591","-0.750229140804189","Descanso"
"0.587499274611495","-0.361502619709713","1.15627798222707","-0.0741974662563374","Descanso"
"-0.857443442251901","0.0926563499719665","0.283406127588905","-0.498358234409228","Descanso"
"0.147516380829096","-1.42702787630091","0.285996470193218","-1.85177950502778","Descanso"
"-0.126671035454872","-1.76215015487612","0.147115798393435","-1.53484395209665","Descanso"
"1.24933422351001","0.0346568293408084","0.0107867056102015","0.445789703722012","Descanso"
"0.774643952534231","-0.0892934878218114","-0.298377693968185","3.08938205488521","Descanso"
"-0.171160304911311","-1.02442755975002","0.0993247307761149","-0.730046253688316","Descanso"
"0.0409875331452227","0.603463837944897","-0.280748492557061","1.67126270954056","Descanso"
"-0.531577393382061","-0.33538261686047","0.99274338031175","0.352632751016977","Descanso"
"0.841043944298183","-0.775018595192732","-0.278012434957827","0.984454966533876","Descanso"
"-0.0538428353991059","-0.72421036336067","0.554313051880951","2.45378020681375","Descanso"
"0.884586673322824","1.11694760371315","0.792610451089323","-1.63953825024057","Descanso"
"1.49424986455765","-1.37047072518716","0.0665606413346108","-1.84861006196338","Descanso"
"-0.906505845377663","0.901545224753128","0.12492258820825","-1.10454687154044","Descanso"
"-0.345405077906526","-1.63569670422405","-0.695408990257569","0.27525629207294","Descanso"
"0.935956257978586","-0.127878243042224","1.0374782507418","1.0381952666466","Descanso"
"0.188543721161284","0.621721164496813","-0.842760801277683","0.173802469695281","Descanso"
"-0.160826624826764","0.0208787160297963","-0.136530476520744","0.79501772905039","Descanso"
"0.328003020964319","-0.523338118016743","0.0319074120024799","0.507212476647256","Descanso"
"-1.08655796916873","-0.325269230502052","0.878157678818941","0.363950524297617","Descanso"
"1.48390033651313","-1.31178914392144","0.975137014343651","1.35119365256401","Descanso"
"0.181933676524804","-0.792294417906686","-0.646569864098441","1.47515874579575","Descanso"
"-1.02612919726915","1.29096652332488","1.51294354577725","1.19346270466983","Descanso"
"-0.562798720013297","-0.0615656213736407","0.735838548648553","-0.219371937967307","Descanso"
"0.0166753312333046","1.905834296822","-0.782870400814293","1.10572008883556","Descanso"
"0.710907104836638","1.26264138942416","0.545045635827062","2.66804136539334","Descanso"
"1.27028763870444","-0.229219301654809","-0.721218942601909","-0.0188327800218727","Descanso"
"0.613735725466784","0.313734562986328","-1.00411944995118","-0.876503333597918","Descanso"
"-0.00320968450321321","0.612179636537285","0.492240927253167","0.711092890182449","Descanso"
"1.74216349447008","-0.296839711241063","0.498581989245567","-0.470769759515651","Descanso"
"-0.127860869614407","0.125347011097894","0.438576379414368","0.0537630971478213","Descanso"
"-0.175285141730491","-1.78202074912705","1.27242398998882","-0.522312056564914","Descanso"
"1.90865512220685","-0.43201542649808","0.289445181462794","0.0915338039439759","Descanso"
"-0.224638140754978","0.310454392352328","1.72968625178391","0.785734411465417","Campo"
"-1.43358171114224","0.570920360584226","1.68072329645543","-1.15787420221751","Campo"
"-0.612754900499641","0.103887287879053","1.68966988667611","-0.832774488753935","Campo"
"-0.104238186848865","0.986632284410824","1.72572292266913","-0.523347084823151","Campo"
"-0.898446940059975","-0.143488098781007","1.64825189666185","-1.13204129784017","Campo"
"1.88434103820335","-0.239474299363537","1.70350768572589","1.27559169410054","Campo"
"2.98942244903978","-0.277242637632836","1.667485245885","0.09439801267826","Campo"
"1.0395910196346","-0.679911347402834","1.70022264768564","0.290376265467602","Campo"
"0.409972247877353","0.366970647424013","1.68488365203078","0.0610362895407821","Campo"
"0.87110070678521","1.4802154896184","1.65572663625737","0.721519980378069","Campo"
"-1.24379675011576","0.496936407857077","1.71618458490399","0.685518208682869","Campo"
"1.29968410321313","0.422131492549023","1.67784484039792","0.948718515626493","Campo"
"-0.909226197474304","0.75655945958439","1.75183407473632","1.18851571093799","Campo"
"2.11800919778108","0.555128537359754","1.65457159169091","1.11651472422574","Campo"
"-0.450890043074057","-0.039524906416523","1.72047678359845","-1.66822072347571","Campo"
"-0.761035317877352","-0.181295365994326","1.61960321169283","1.10320523365282","Campo"
"1.0622437415988","-0.577138840561471","1.62842148579515","0.662424278477286","Campo"
"-0.608015211050566","-0.777958314517718","1.69504774497825","0.624020350460667","Campo"
"0.261367718634064","0.181425425045163","1.72706819569507","0.686628758653949","Campo"
"2.05237442979136","-0.624160530740066","1.71752789563415","1.80789593106628","Campo"
"-0.0491693858780868","-0.648559530900604","1.64725020344069","-2.64045548633322","Campo"
"-1.37712967805279","-0.612015642610862","1.6529706972604","0.226583312797414","Campo"
"0.307318720112972","-0.643626067932307","1.67225195309384","0.15868382738498","Campo"
"0.409989729036217","1.22514481468831","1.6492156411478","-0.397364431401191","Campo"
"-0.284870817272713","0.120367010552047","1.6389607212506","0.258233062085953","Campo"
"-0.23460242128354","0.13773499535273","1.7759995220547","1.52390033661712","Campo"
"-1.24157212461571","0.739436379752334","1.74694292785558","0.972159682719069","Campo"
"-0.336047474317492","1.75570039971861","1.75794863956206","2.85136790702465","Campo"
"-0.463150605415034","0.213053302382176","1.60932162491116","-0.894072953111879","Campo"
"-1.23459158542574","1.21926915777008","1.66004127878771","0.120166670206743","Campo"
"0.442015708910934","-0.174962560473608","1.74915853207274","1.11750774017254","Campo"
"-0.897514031064123","-0.562310148261915","1.67517908453162","-0.180750177084675","Campo"
"0.637863124909049","-0.901723896481396","1.73399404155388","0.745882942680745","Campo"
"-0.567534788736358","-0.159020683468401","1.6027044421244","0.556668168298975","Campo"
"1.79959120805072","-0.353480908525763","1.72364540409527","-0.5212150087707","Campo"
"-0.940271870066945","0.842143331921306","1.69008295050135","-0.691532496786789","Campo"
"-0.15794609262331","0.0488046310655936","1.67026954293675","-0.226504504270254","Campo"
"-0.950440382984343","0.878379007482156","1.70610644573619","-0.613636787996599","Campo"
"2.4580052796679","-0.854557096924275","1.67123727735483","0.730998578259921","Campo"
"-0.87505699843067","0.215112023706435","1.70842661718766","-1.31181969441817","Campo"
"-2.51665370670131","-0.31316972468816","1.62351013215119","-0.471751526219299","Campo"
"0.119818590940427","-0.0506248555853595","1.70013486375482","-0.461808688820059","Campo"
"0.702603952697016","0.169916072578358","1.64859815337644","-0.709011673646684","Campo"
"-0.753868760809126","0.379958379770321","1.68742250963352","0.440067536712661","Campo"
"-1.85542430416735","1.5373460580378","1.68626297693435","0.694996545261605","Campo"
"0.563618541500872","0.190038354778266","1.69868689087227","0.71535379048311","Campo"
"1.24438171035497","-1.36490661205856","1.72803228475439","2.50792301267922","Campo"
"-0.00729985658517462","0.457076967931687","1.65017485780589","-1.08986508898595","Campo"
"0.917568925924997","-0.553111975364424","1.71700964674526","0.843078089245127","Campo"
"1.1148458262908","0.00731733475458851","1.71470222445045","-1.21980804728737","Campo"
"2.42339920032328","0.618212106490647","1.74661392133234","3.50706526514758","Campo"
"-2.17036396600211","0.617306620719464","1.70085096378328","-0.983238942383494","Campo"
"0.129433238820268","-0.430876481117083","1.66741397470833","1.15459139894941","Campo"
"-2.04494491891776","-0.491530226489718","1.669332092291","0.438957478201209","Campo"
"1.08013381286179","0.777150034261037","1.66272721350061","-1.07284634549739","Campo"
"-0.218679452116964","1.223920160674","1.63841693273748","0.170697422662875","Campo"
"-0.510607816077071","1.30218269982979","1.7041325469452","-0.520715223473148","Campo"
"-0.430634916947258","0.709437953601381","1.76726888963297","0.749244661496784","Campo"
"1.06139022400259","1.90148043048638","1.73421370658029","1.8728876411331","Campo"
"0.712060742014128","-0.309438886784361","1.7634893355522","-0.31108355336968","Campo"
"2.30174127370814","-0.262657929234381","1.73963803911156","0.7822946725197","Campo"
"-1.18342417745629","0.485397029712284","1.72223370091709","-0.00467775520686675","Campo"
"0.887477150667667","1.32504212622849","1.67898692535488","0.0323496500035905","Campo"
"0.477494987058743","0.00236049196793775","1.65594408151751","1.11723535592176","Campo"
"0.764250628243293","0.841565277435745","1.65798526442181","-0.379705807882097","Campo"
"0.693189403648751","0.461812372130972","1.64022666488431","0.137400917701493","Campo"
"-1.89518149398787","-0.557603670420121","1.64813797537115","0.0955769891983231","Campo"
"0.941747603328154","0.844744202716284","1.63872795289934","1.51417502157193","Campo"
"0.479156532774515","2.65259413960699","1.610186262592","-1.27962255394129","Campo"
"-1.75079271238983","1.36766510038666","1.70660069711399","1.19350070689559","Campo"
"-2.27105642273424","-0.952157952649082","1.68009334183217","-0.641403557977016","Campo"
"2.05571336872197","-1.79796048950101","1.70054965574048","0.0620360250777825","Campo"
"-0.957991320260144","0.86149671774853","1.61790729288107","-1.13037062694965","Campo"
"-1.5103657297483","0.381441089874302","1.60838656232207","-2.31589982536522","Campo"
"1.73670552074714","-0.0916137957087652","1.74226316174259","-0.79637466977569","Campo"
"1.04908901949497","-0.032473371268015","1.77006097873393","-0.208469083483262","Campo"
"2.4230528392752","0.31227115297452","1.6652342903649","-0.706517120752179","Campo"
"1.13262922619333","-0.390047506560186","1.70641485471012","-0.09560834069381","Campo"
"1.56843470683032","-0.33175858696124","1.69971412281718","-0.689079345278078","Campo"
"-2.15485314014131","1.33432941700423","1.68866206929506","-0.871851223589209","Campo"
"-0.982692548198134","-0.353274212348078","1.6805226838833","-1.89558217274811","Campo"
"-0.192761906246886","0.392153174887445","1.71142461560501","0.285899404616384","Campo"
"0.273253296442658","-1.25245221033219","1.72069665941987","1.15667830005188","Campo"
"-2.48665180808049","0.0310269295489187","1.70696786486195","-1.42476773853501","Campo"
"0.707794944107288","-0.873403717680453","1.7330249525599","1.2045562653122","Campo"
"0.0276399696513103","0.204242854992317","1.68339223855638","-1.27426940120023","Campo"
"0.412352293784066","-1.43851367102356","1.75341235981614","2.28364023672571","Campo"
"-1.86035900334809","1.21349115622345","1.71829560021044","-0.813042431891187","Campo"
"-1.85589538203625","-0.303763087769886","1.67493765462738","1.10319155516582","Campo"
"-1.25624427040566","2.42220149540868","1.63293299117984","-0.22816671472546","Campo"
"0.0283103755162454","-0.1872179073114","1.64461233997021","0.289718720633299","Campo"
"0.0960993913159765","0.0420927769224156","1.76038301547629","0.9077472536132","Campo"
"-0.431937250996113","1.70393215200564","1.71773951750571","-2.14449914722272","Campo"
"0.338513380720332","0.682252159515874","1.64895748463547","-0.29353650693024","Campo"
"0.284365756659592","0.717737672982697","1.7639927210395","0.290598932538001","Campo"
"-1.16835233280813","1.66379698806046","1.66879510789419","-0.0182160830920357","Campo"
"0.219694858591017","2.01204637179644","1.75048770121399","-0.0774659356554103","Campo"
"1.29830957224912","0.670938050287473","1.71089200157317","0.596073163134168","Campo"
"0.00770038283931368","-0.749441388041457","1.72722168845496","0.622686039856245","Campo"
"1.02290353377645","0.429642054766846","1.70920118369773","1.26248779958567","Campo"
"1.75499665654398","-1.08004044915486","1.53820264843815","-0.530096383255892","Pine Valley-Boulevard"
"1.75979707569771","-0.195760661475144","2.69142710494333","-0.297263818129236","Pine Valley-Boulevard"
"0.484039993249308","-0.785614598032868","1.50895816622557","-0.847519263762177","Pine Valley-Boulevard"
"1.66775782931707","-0.107281512527308","1.70326171732213","-0.38385272854659","Pine Valley-Boulevard"
"-0.533160338933892","1.32834861362565","2.04251451481541","1.24332133362772","Pine Valley-Boulevard"
"1.59716464200455","-1.06814975730613","1.74377955093223","-0.123732131019723","Pine Valley-Boulevard"
"-0.311159490879821","0.237759685290904","1.89701682023936","0.225899770399206","Pine Valley-Boulevard"
"1.50113341776384","-1.40958441548693","1.29385610363142","-2.09823890167122","Pine Valley-Boulevard"
"0.877703802933824","-1.48948515479788","2.01590125679153","-0.975106017321663","Pine Valley-Boulevard"
"0.138702138653036","0.704147528844187","1.32649591739813","0.335694455811595","Pine Valley-Boulevard"
"-0.320686471842561","-0.580450508665279","0.910929445348741","-0.173470597196492","Pine Valley-Boulevard"
"1.50851865247079","-1.13087710170238","1.91324620596587","-0.957272768378605","Pine Valley-Boulevard"
"-0.32786000034443","1.59707593747531","1.62205974242593","1.69765227708091","Pine Valley-Boulevard"
"-1.00363293609547","-0.210868354320572","1.04177261554759","-0.221739162005627","Pine Valley-Boulevard"
"-0.239047739862684","-0.860708824555391","2.16914624161406","-0.250018108100354","Pine Valley-Boulevard"
"-0.945503975073194","0.235670037599428","1.77599348725942","0.678642564072915","Pine Valley-Boulevard"
"0.122126465951795","-0.46663638275188","1.78744469575489","-0.705977333403734","Pine Valley-Boulevard"
"-0.5450072246465","0.823291980280643","1.36685381113055","0.761764727850822","Pine Valley-Boulevard"
"1.65094452241428","-0.788705684073414","1.71388396938452","-1.17041605787602","Pine Valley-Boulevard"
"0.21044409995651","0.161428107906977","1.27703174923574","0.937967613141959","Pine Valley-Boulevard"
"0.616078108145673","-1.67841986928493","1.80382086890956","-2.01199508114558","Pine Valley-Boulevard"
"1.1189925077691","-1.3254396694537","1.41470058071877","-0.804748970939251","Pine Valley-Boulevard"
"-0.601470451325937","-0.606603298971839","1.21669246199103","-0.406296790009288","Pine Valley-Boulevard"
"-0.413469401648364","0.0920316939394091","1.561530510214","-0.201307270403808","Pine Valley-Boulevard"
"0.447230320043195","0.989233012949583","1.68217661681448","0.936499037744317","Pine Valley-Boulevard"
"-0.439057260729004","0.865811674017806","1.33623384923126","-0.0542737394131031","Pine Valley-Boulevard"
"0.47847168352151","-1.42729261338708","1.42961853497995","-0.711193127433096","Pine Valley-Boulevard"
"2.6590929428662","-3.21468352118944","1.38113687866858","-2.07404013836675","Pine Valley-Boulevard"
"0.682847964066144","-1.08994064828132","1.87366815753505","-0.947517361399848","Pine Valley-Boulevard"
"0.393495908034864","-1.22365450009949","1.13193820333291","-0.911582293698722","Pine Valley-Boulevard"
"-1.09893622941986","2.14957783770711","1.91069316467714","2.16971396711453","Pine Valley-Boulevard"
"0.561345504655775","-1.5127877332887","1.69250890226997","-0.740924890604151","Pine Valley-Boulevard"
"-1.1989889285957","0.437711549211379","1.24348021513738","2.26711133011778","Pine Valley-Boulevard"
"0.819962655396225","0.292991118826663","1.91793441546064","0.962912539162063","Pine Valley-Boulevard"
"-0.386412069430489","-0.0389363321336223","1.35874726341817","-0.214573154398955","Pine Valley-Boulevard"
"-1.61074528681003","0.644776546542124","1.23654631409593","1.20557557496233","Pine Valley-Boulevard"
"-1.5733517386814","0.561862674368321","1.80858618129641","0.90398558191203","Pine Valley-Boulevard"
"0.0461807429250203","-0.757045732881432","1.33202695734371","-1.63271956149642","Pine Valley-Boulevard"
"1.97601832160774","-0.452287945083585","1.83457404314101","-0.561931345149981","Pine Valley-Boulevard"
"-0.380210099852322","0.0655940594327306","1.97321513932449","-0.450206108113154","Pine Valley-Boulevard"
"-0.163791790872249","-0.516939467231379","2.21109600352493","-0.755663384282084","Pine Valley-Boulevard"
"-0.718582254673375","0.509331456988387","2.14656229229967","-0.0810285989249609","Pine Valley-Boulevard"
"-0.416406986146106","-0.616115102212972","1.39913855098027","-0.318173417949367","Pine Valley-Boulevard"
"0.970163764292137","-1.72030874842837","1.06349475620354","-1.703646203079","Pine Valley-Boulevard"
"0.99546799921039","-0.161862037472587","1.96266740095041","-0.106060303621309","Pine Valley-Boulevard"
"1.24938294437499","-1.45080879531384","1.60824384409941","-2.94585825851626","Pine Valley-Boulevard"
"0.764631701229197","-0.758717465252623","1.54783522330271","-0.693614505117993","Pine Valley-Boulevard"
"1.24266838592886","-0.915527373861736","1.89703016974514","-0.99076981635821","Pine Valley-Boulevard"
"-1.71703726250394","1.53240644986761","1.89496416332184","1.53010101766074","Pine Valley-Boulevard"
"-0.608787029351985","-0.470406837874861","1.63301428322219","-0.364613871266184","Pine Valley-Boulevard"
"0.707531431644359","-1.03116846447706","1.1638734450924","-0.267075584065488","Pine Valley-Boulevard"
"0.161045148285614","1.76480399282196","2.49044819576552","1.00608069915757","Pine Valley-Boulevard"
"-0.368421049851658","-1.53191668501591","1.52341078010586","-0.629135827928128","Pine Valley-Boulevard"
"1.26468220150591","-0.943942823401999","1.97268438223921","-1.8382129632763","Pine Valley-Boulevard"
"0.321925515144861","0.737624057256451","1.44494633861933","0.123031041460798","Pine Valley-Boulevard"
"-1.43875816159041","0.615363296653503","1.66793366150129","0.584516342557856","Pine Valley-Boulevard"
"0.344226129888399","0.307752548809931","1.65461668883785","1.21193363389143","Pine Valley-Boulevard"
"0.398190300769475","-0.103878266817612","1.50788725145071","0.776273053445205","Pine Valley-Boulevard"
"0.590173849881983","-2.05034810894854","1.5224068365717","-1.36405254875817","Pine Valley-Boulevard"
"1.36474347436071","-1.49606217157949","1.03396147859024","-0.613795141093336","Pine Valley-Boulevard"
"-1.50488464540415","0.700079274525095","1.20015566691914","-0.337018503594688","Pine Valley-Boulevard"
"-0.309356066187045","-0.433549637994637","1.49335363047246","-1.10845546142055","Pine Valley-Boulevard"
"-0.808263129030041","-0.166973687899115","0.866321430235186","0.883326681733585","Pine Valley-Boulevard"
"-0.78986406994174","1.22020900469961","0.727594029304999","0.562073725417293","Pine Valley-Boulevard"
"-0.0827856269076624","-1.20364275408172","1.3038101409502","-0.943518537177359","Pine Valley-Boulevard"
"-0.538461434292882","-0.0482338641422907","1.56685105793473","-0.857405543365586","Pine Valley-Boulevard"
"-0.87767810893487","0.459045790715008","1.39131707786356","0.419444735335418","Pine Valley-Boulevard"
"-1.36592071449406","1.55834485530945","0.720570477800019","1.36596691674109","Pine Valley-Boulevard"
"0.193693169730903","0.0990302212568853","1.67814919312729","0.191840693635812","Pine Valley-Boulevard"
"-0.604655837068114","-0.177597247047666","1.79880749577599","0.192356328995597","Pine Valley-Boulevard"
"0.999884702025043","-0.163566567952026","1.38582810700123","0.924459508456678","Pine Valley-Boulevard"
"1.3307996639327","-1.08854005814596","1.27218588465817","-0.501294144694396","Pine Valley-Boulevard"
"-0.0213569557276871","0.554692517303556","1.20343336687473","1.90498405343057","Pine Valley-Boulevard"
"2.12279662642278","-1.62922546666145","1.89006919100043","-2.05241139669521","Pine Valley-Boulevard"
"0.502401544266385","-0.92018911427324","2.0291501595842","0.393255219544231","Pine Valley-Boulevard"
"-1.31846716291522","0.710539233821448","1.37437439724781","0.39116741281131","Pine Valley-Boulevard"
"1.48261291449883","-0.277069862092381","1.773656868687","-0.476227156794492","Pine Valley-Boulevard"
"-0.255438072748092","-0.231030922711202","1.86511869218297","0.513676010567198","Pine Valley-Boulevard"
"0.962324462877881","-0.586240948203557","1.93487407330051","-1.50185772440067","Pine Valley-Boulevard"
"1.26173298731704","0.750450266994085","2.17400139501339","0.13758466845422","Pine Valley-Boulevard"
"0.468655972728914","-1.55450089103637","1.59105610078111","-0.895100630087589","Pine Valley-Boulevard"
"-0.244458804467041","-0.348276583622967","1.50439895610505","-0.563490058255319","Pine Valley-Boulevard"
"-0.252769439941945","-0.704335443173058","1.44552075825862","-0.452255664538295","Pine Valley-Boulevard"
"0.515814499435282","-1.77131284605099","1.43746817054758","-1.88301565086963","Pine Valley-Boulevard"
"-0.0742167616849957","-0.0259728531015027","1.33869747817457","0.406155633671833","Pine Valley-Boulevard"
"-0.628602574932624","0.471610267359684","1.77926667452046","-1.17229906883359","Pine Valley-Boulevard"
"0.412489312677721","0.743122946091289","1.98127227327649","0.165952751959635","Pine Valley-Boulevard"
"0.57991593448523","-1.40160085199747","1.05606008233661","-0.287540290408805","Pine Valley-Boulevard"
"-0.63427907118007","0.210047577359227","1.17303627168694","-0.991254292774715","Pine Valley-Boulevard"
"0.838472635517581","0.451812197977415","1.75999746249678","0.96148587786189","Pine Valley-Boulevard"
"-0.590387002081279","1.01747494126883","1.6767475444253","-0.329991487698942","Pine Valley-Boulevard"
"-0.518805625724933","-1.90572661291602","1.64703815478613","-0.275131551386195","Pine Valley-Boulevard"
"-0.535659088330037","1.00479600050928","1.68312154023664","0.569827321654011","Pine Valley-Boulevard"
"1.55157579119116","1.0883385145551","1.80023522754573","0.997582401461354","Pine Valley-Boulevard"
"-1.30526950846192","0.207661645954384","1.08267250798133","0.315885037562076","Pine Valley-Boulevard"
"0.708321610536416","-0.825135832336493","0.850310923158075","-0.905979550841538","Pine Valley-Boulevard"
"-0.85044098080146","0.734147829837321","2.01151555921105","0.102646290753107","Pine Valley-Boulevard"
"0.856163882410043","-0.275575693367933","2.24599758400528","-0.450601962415745","Pine Valley-Boulevard"
"-2.31481483663503","0.796906411026445","1.56628965403719","-0.549337703321451","Pine Valley-Boulevard"
"-0.435737358876512","0.125564563745024","1.64359572430676","-0.340983783246145","Pine Valley-Boulevard"
"-0.136088538912923","-2.20264058152691","1.62352265097693","-0.889832200674753","Santa Ysabel-Julian"
"-1.41101199823251","-0.544828632699278","-1.4579240404798","-1.18649391131896","Santa Ysabel-Julian"
"0.147436099488652","-1.05251204995297","-0.32755362384516","-0.723587141631191","Santa Ysabel-Julian"
"0.687590559209939","-1.62807001739064","0.841766496243896","-0.774426074910736","Santa Ysabel-Julian"
"0.746207754834997","0.607969389894407","-0.744955653965401","0.492876736181624","Santa Ysabel-Julian"
"-0.0902291601190387","0.472666250001511","-1.68496529313435","0.44994441980726","Santa Ysabel-Julian"
"0.449219593276784","-1.98917926467746","-0.999435993894185","-0.607298907586954","Santa Ysabel-Julian"
"2.7040103149199","-0.939179673802212","-0.945173029551548","-0.0886412106674994","Santa Ysabel-Julian"
"-0.370157909378863","-0.275343040146479","1.61380850040667","-1.28650207607157","Santa Ysabel-Julian"
"0.0425570939163133","-1.24588558367683","1.12898946329804","-0.491340411350696","Santa Ysabel-Julian"
"2.57016651893494","-2.07565678384288","0.093055274816938","-0.396443257015932","Santa Ysabel-Julian"
"0.805321077148958","0.273532084121953","-0.215378155359817","2.41446431357369","Santa Ysabel-Julian"
"0.340732129360584","-0.470439039857339","0.79791673253776","0.655398892509988","Santa Ysabel-Julian"
"1.98967021674655","-0.192099002628095","0.341872940774565","0.223987820703121","Santa Ysabel-Julian"
"0.504832345885514","-0.267724491438754","1.79237328726231","1.97693607857071","Santa Ysabel-Julian"
"3.66631414538029","-1.02034359038541","0.751149416229312","-0.517191626772816","Santa Ysabel-Julian"
"0.144737138809446","-1.20760356418477","-0.237128415004888","-0.0572078911437331","Santa Ysabel-Julian"
"1.57268863733527","2.2186267409323","0.310067515429674","1.43586016258058","Santa Ysabel-Julian"
"0.466025495763505","-0.258815606502645","0.361405720437672","0.718855611794699","Santa Ysabel-Julian"
"-0.374643220928317","2.16225135990169","1.29626754945418","1.79408700616284","Santa Ysabel-Julian"
"1.72244144054718","-1.18508555822335","-0.508562802992927","-0.783749693796057","Santa Ysabel-Julian"
"1.43149246845014","-1.12738133076904","-0.938287592967789","-0.53426459135067","Santa Ysabel-Julian"
"-1.0515650320929","-1.91157924726939","0.836720386256236","0.359341691105864","Santa Ysabel-Julian"
"0.770314233407736","0.991093653045129","0.50776881001942","0.697592843448069","Santa Ysabel-Julian"
"0.121355671293788","-1.26171374963526","1.2111737742466","-1.18066615024965","Santa Ysabel-Julian"
"2.14370359418427","-1.65729354495415","-0.692867923509905","0.179015721768091","Santa Ysabel-Julian"
"-1.55775541674517","1.73519211449291","-0.165108375020743","0.752489151717791","Santa Ysabel-Julian"
"-1.51610858489626","-0.469650438266983","-0.507769083767385","0.914012520405202","Santa Ysabel-Julian"
"2.80782275984976","2.57877165166822","-0.316019160997723","2.0047789934745","Santa Ysabel-Julian"
"1.43460515433452","0.365841896553945","-1.21001941446671","1.03324804320285","Santa Ysabel-Julian"
"0.979564564408322","-0.598004992287541","-0.430718176293276","-0.448918573326927","Santa Ysabel-Julian"
"2.30528107591279","1.40820433111259","0.164207571563064","1.37618534661196","Santa Ysabel-Julian"
"-0.639300494246881","-0.501764076997698","0.10410421343379","0.509336066071982","Santa Ysabel-Julian"
"0.886337457131892","0.0634049260575532","-0.688793834116338","0.89831869985436","Santa Ysabel-Julian"
"1.79874081056072","1.22446677380231","-1.23268482729134","0.465279973899996","Santa Ysabel-Julian"
"-1.56849214610474","-0.0576860106266778","-1.22952530178003","-0.319628859397156","Santa Ysabel-Julian"
"-0.447997014634335","1.20012696768434","-1.88887619952302","0.342328870781509","Santa Ysabel-Julian"
"1.44493377745886","-1.77512599081255","0.316468235724437","-0.391095346834709","Santa Ysabel-Julian"
"-0.562487595851208","0.27570825222817","-0.269820180479165","-2.31696172781331","Santa Ysabel-Julian"
"0.302381656742804","0.464525793456197","0.816935404126696","0.314368413799916","Santa Ysabel-Julian"
"-0.254935873494237","0.730953255233097","-0.467675790946688","-0.542926363743506","Santa Ysabel-Julian"
"0.153921543422918","-0.785789684914239","0.788497722155889","-0.732369521316377","Santa Ysabel-Julian"
"0.896659148540789","-0.416431312849289","-1.21682724181733","-1.10268721277606","Santa Ysabel-Julian"
"1.36329476790598","1.35167715344494","-0.802718532101487","3.45720978507071","Santa Ysabel-Julian"
"-1.27153968715929","0.983335774056508","0.285112315165832","1.89076373450702","Santa Ysabel-Julian"
"-0.489259302254175","2.84890562524837","0.575724203939231","3.01417476438287","Santa Ysabel-Julian"
"0.61514057962176","1.19144331240158","-0.738271778303251","2.65909726155464","Santa Ysabel-Julian"
"0.573349195888009","-0.563993171631039","-0.77325105624299","-2.27612559933807","Santa Ysabel-Julian"
"2.52386180707193","-1.14020852580521","-0.0457412719333312","0.970446735909922","Santa Ysabel-Julian"
"1.12853533001148","-1.04950631549293","-0.345204668526089","-0.40929883311608","Santa Ysabel-Julian"
"0.0525009457191874","-1.05531301675706","0.0515750052963718","0.115044338614789","Santa Ysabel-Julian"
"0.0968403242869301","-2.02753698336362","-0.923217787098415","-2.22511699780166","Santa Ysabel-Julian"
"0.784075817989325","-0.154305392057193","-0.861681424971762","0.0504472155796833","Santa Ysabel-Julian"
"-1.81178532413009","2.35848523209832","-1.28486020706363","0.691216421869824","Santa Ysabel-Julian"
"0.57180866173482","-0.919963903233589","0.103960181474954","-0.362187005049937","Santa Ysabel-Julian"
"0.480062663535817","-0.579600686460114","-0.0628183757340362","1.19587152186276","Santa Ysabel-Julian"
"-0.502118379533166","-2.83100352492466","-1.36837258172861","-1.48672415358644","Santa Ysabel-Julian"
"-0.611984444000357","-0.0656367799878896","-0.34653482296515","-0.868564947322244","Santa Ysabel-Julian"
"0.764622821131348","1.06027307160678","-0.86890113581749","-0.0483296016950244","Santa Ysabel-Julian"
"4.01585777103665","-0.834506720131959","-0.352059540513902","-3.42126704221624","Santa Ysabel-Julian"
"1.69783714480471","-0.145242320654956","0.184462962362998","2.03329210507001","Santa Ysabel-Julian"
"-2.85751281185162","-2.60542179624789","-0.73535006043683","-0.923426493790587","Santa Ysabel-Julian"
"-1.36273067308696","0.885640270212587","-0.302016584748331","0.21075096211872","Santa Ysabel-Julian"
"-0.397578113075971","-1.05799305466985","0.740428705161192","2.05640553414669","Santa Ysabel-Julian"
"1.73779313584639","0.149235854110345","0.821686276619121","-0.372437457374776","Santa Ysabel-Julian"
"1.80392785886409","0.694827924627547","-0.851388986131339","0.14607880415653","Santa Ysabel-Julian"
"-0.139269294639764","-0.0923270804337105","-1.35403353988603","2.23843673697109","Santa Ysabel-Julian"
"-0.838299021924176","0.121140857185533","0.548723988595285","0.332928632579983","Santa Ysabel-Julian"
"0.44310482819411","-1.72690075513983","0.268440236703059","-0.507497426478939","Santa Ysabel-Julian"
"-1.44576767999543","0.35784118417025","-0.684644994240419","1.22883557244526","Santa Ysabel-Julian"
"1.86904152008197","-0.382271206310167","0.785527731748453","-1.2832566783531","Santa Ysabel-Julian"
"1.2717315358587","-0.942737543733537","-0.386893733449861","-0.838464998211936","Santa Ysabel-Julian"
"1.13956032586823","-0.818408762277986","0.268414129441814","-0.725145316003584","Santa Ysabel-Julian"
"-0.186976959166243","0.467636898150454","0.150697682771563","-0.0150984802519308","Santa Ysabel-Julian"
"2.31805628882041","0.163806689250262","-0.169790242725619","0.0956987867494634","Santa Ysabel-Julian"
"1.82427311817594","-1.23562911477228","-0.301135492811896","-0.861463899214202","Santa Ysabel-Julian"
"0.194701373154501","-0.991457652278453","1.63470220177156","-0.186124179484478","Santa Ysabel-Julian"
"0.261899527166672","-0.876612786045973","1.28336161775226","0.333928785390747","Santa Ysabel-Julian"
"0.820325437719961","-0.370905027097811","-1.26491339037027","-0.158092817000815","Santa Ysabel-Julian"
"-0.874051418936785","3.6987066535875","-0.631392667482012","0.697536801649109","Santa Ysabel-Julian"
"0.336747581962042","-0.289783825824285","-1.33345586256848","0.110189882388545","Santa Ysabel-Julian"
"0.00743504931882921","0.387262409369001","-0.551185701655045","1.15596370126625","Santa Ysabel-Julian"
"2.83906041445962","0.626535295843529","0.339257167938339","0.222921113979399","Santa Ysabel-Julian"
"1.63638515580013","1.30127411451962","-0.322843244537966","-0.585054140245313","Santa Ysabel-Julian"
"0.78187241416318","-1.57335917603493","0.430963231769213","-2.40780285032916","Santa Ysabel-Julian"
"1.23140411209772","-0.0256367066502449","-1.42966439433675","-0.000712682287226298","Santa Ysabel-Julian"
"-1.58394777450001","2.9962827734183","0.296728111902077","2.13773708605815","Santa Ysabel-Julian"
"1.92986940507198","2.2766780182795","0.0620049316216209","1.47097829714708","Santa Ysabel-Julian"
"1.12579513797536","0.318292213283347","-0.742881228624425","1.40914682343478","Santa Ysabel-Julian"
"0.0765375536202504","-2.15144362034906","-0.630103026627761","2.0564350879746","Santa Ysabel-Julian"
"1.30908933516696","-1.61327247836174","0.223362380591349","-0.411887596405408","Santa Ysabel-Julian"
"-0.460865715583858","1.18741723322002","-0.647415086611471","-1.21591125794358","Santa Ysabel-Julian"
"1.26588670244516","0.973276060985623","-0.376209036961987","-0.697865435575343","Santa Ysabel-Julian"
"-0.0163573936647276","-0.296876801845045","1.23260757772696","0.846278780015978","Santa Ysabel-Julian"
"0.570208142654926","-1.07471097891486","0.110425970459486","-1.30178385432012","Santa Ysabel-Julian"
"2.14331802614596","1.07418207140269","0.409914780609044","-0.364942567888167","Santa Ysabel-Julian"
"-0.85781171289443","-1.11591104632359","-0.285686248627466","-1.35094704219247","Santa Ysabel-Julian"
"0.148114796236491","0.168870584793957","-2.15998520899658","2.67364222354732","Santa Ysabel-Julian"
"0.936889876492071","-0.0289103909441356","0.0501991062731741","0.468357565219688","Santa Ysabel-Julian"
"0.863782053750814","0.163553304646576","-0.248565215081841","-0.0353851644683328","Santa Ysabel-Julian"
