"id","e1a","e1c","e1f","e1g","f5a","f5b","f5c","f1a","f1b","f1c","f1d","f1e","f1f","f1g","f2a1","f2b1","f2c1","f2d1","f2e1","f2f1","f2g1","h1a","h1b","h1c","near_03f","cityRate","numBehaviors"
10,5,2,4,2,3,2,2,5,4,5,4,4,4,4,1,1,1,1,1,0,1,0,0,0,800.950920645,2.60625,3
12,1,4,4,2,4,3,3,5,5,4,4,3,4,4,1,1,1,1,1,1,0,0,0,1,2.73067880476,2.60625,3
15,1,4,4,2,4,2,2,4,4,5,4,3,2,2,1,1,1,1,0,0,0,1,0,0,555.138411404,2.60625,1
18,1,5,5,1,4,3,4,5,5,5,5,5,5,5,1,1,1,1,1,1,1,0,1,1,261.147652939,2.60625,4
23,3,2,4,2,4,3,4,4,5,5,5,5,3,4,1,1,1,0,1,0,0,0,1,1,1352.30187052,2.60625,1
32,4,3,4,3,2,2,3,5,5,5,5,5,5,5,1,1,1,1,1,1,1,0,1,1,0.8167450241,2.60625,4
33,2,4,4,2,3,3,3,4,4,5,5,4,4,5,1,1,1,1,1,1,1,0,0,1,43.9920785375,2.60625,4
37,4,4,4,3,3,3,1,5,5,5,4,5,4,3,1,1,0,1,0,0,0,0,0,1,225.609248342,2.60625,1
41,2,4,4,2,4,1,3,5,4,5,3,3,4,3,1,1,1,0,1,1,0,0,0,1,1161.05924053,2.60625,2
42,2.34379619488523,3.91003046942331,4.60753110863662,2.06765827099334,4.06174600373563,3.09279613231359,3.71747502502994,4.04986166965198,4.21476713927754,4.39050410268427,3.90842769429484,3.89370518723083,3.5792064034825,4.08727869242025,1,1,1,1,1,1,1,0.0598929848347671,0.436136650788612,0.78918302249379,154.686408455,2.60625,4
46,2,4,4,2,5,3,5,4,4,4,4,3,4,4,1,1,1,1,0,0,1,0,1,1,1086.75620524,2.60625,2
53,2,5,5,2,5,5,5,5,5,5,3,4,3,5,1,1,1,0,0,0,1,0,0,1,2156.92872399,2.60625,1
57,2,2,4,2,4.08729534882448,3.12468776997759,4.17697143028336,4,4,4,4,4,3,3,1,1,1,1,1,1,1,0,0,1,2167.55020211,2.60625,4
60,2,4,3,4,4,2,4,5,4,5,4,4,4,4,1,1,1,1,1,1,1,0,0,0,406.665652225,2.60625,4
61,2,1,2,4,3.78541588387415,2.57621842802025,3.53767063882523,2,2,4,2,2,2,2,1,1,1,1,1,1,1,0,0,1,438.854902307,2.60625,4
62,4,2,4,2,3,3,2,4,4,4,4,4,4,4,1,1,0,1,1,1,0,0,0,1,252.639197985,2.60625,3
63,5,2,4,5,4,3,2,5,5,5,4,4,3,3,1,1,0,0,0,0,0,0,0,1,272.401911304,2.60625,0
68,2,4,5,1,4.18873193340751,3.69925491235957,3.62022463190878,4,5,5,5,5,5,5,1,1,1,1,1,1,1,0,0,1,1288.97400944,2.60625,4
72,1,4,5,1,5,5,4,4,4,5,5,4,4,4,1,1,1,1,0,0,0,0,0,1,1398.03757532,2.60625,1
74,2,4,5,2,4,3,4,4,4,4,4,4,4,4,1,1,1,0,1,1,1,0,0,1,0,2.34883720930233,3
75,4,2,4,3,4,3,5,4,4,5,4,3,3,5,0,1,1,1,0,0,1,0,1,1,93.7609913617,2.34883720930233,2
79,4,4,4,2,4,2,4,5,4,4,5,4,3,3,1,1,0,1,1,0,0,0,0,1,69.8585932679,2.34883720930233,2
82,5,5,5,2,4,2,2,5,5,5,5,5,5,5,1,1,1,0,0,0,1,0,0,1,1.33655276578,2.34883720930233,1
84,1,2,4,2,4,4,4,5,5,5,5,5,5,5,1,1,0,1,1,1,1,0,1,0,16.1494171739,2.34883720930233,4
89,1,5,4.93753599771139,1,5,5,5,5,5,4,5,4,4,4,1,1,0,1,1,1,1,0,0,1,199.086548743,2.34883720930233,4
90,4,3.47430924514643,5,2,4,3,3,5,5,5,5,5,5,5,1,1,0,1,0,0,0,0,0,1,199.086548743,2.34883720930233,1
92,2,5,5,1,3,3,3,5,4,4,4,4,3,4,1,1,0,1,0,0,1,0,0,1,199.086548743,2.34883720930233,2
93,2,4,4,2,2,2,2,4,4,5,4,3,3,4,1,1,1,1,1,0,0,0,0,0,498.725033197,2.34883720930233,2
97,2,4,4,2,2,1,1,5,5,5,5,4,4,4,1,1,1,1,1,1,1,0,0,0,634.884008026,2.34883720930233,4
101,2,4,4,2,5,4,5,4,4,4,4,3,3,4,1,0,1,1,0,0,0,0,0,1,43.0300329647,2.60625,1
104,2,4,3,3,5,4,4,5,5,5,5,5,5,5,1,0,1,1,0,1,1,0,1,1,47.325622055,2.60625,3
105,2,4,4,2,2,2,3,2,4,5,2,2,2,4,0,1,1,0,0,0,0,0,0,1,523.306762635,2.60625,0
109,1,3,4,5,2,2,2,5,5,5,5,5,5,5,1,1,0,1,1,0,1,0,1,1,195.215110247,2.60625,3
124,4,2,4,2,5,2,4,2,3,4,4,3,2,2,0,0,1,1,1,1,0,0,0,1,145.808062165,2.60625,3
128,2,4,5,2,5,5,4,5,5,5,5,5,5,5,1,1,1,1,1,1,1,0,1,1,757.138596141,2.60625,4
133,1,2,2,4,5,4,4,5,5,5,5,5,5,1,1,0,0,0,0,1,0,0,1,1,220.939096264,2.60625,1
147,2,4,3,4,4,4,4,2,2,4,4,4,4,4,1,1,1,0,0,1,0,0,0,1,1687.98939779,2.60625,1
148,2,5,4,1,4,4,4,4,4,5,4,4,3,4,1,0,1,0,0,0,0,0,1,1,2466.63609368,2.60625,0
151,4,2,4,2,5,3,3,4,4,4,4,4,4,4,1,1,1,1,1,1,1,0,0,1,261.800165727,2.60625,4
153,2,4,5,1,1,4,5,4,3,4,5,5,5,5,1,1,1,1,1,1,1,0,1,1,757.253454862,2.60625,4
167,2,4,4,2,2,2,2,4,4,4,3,4,4,4,1,1,1,1,1,1,1,0,0,0,1288.97400944,2.60625,4
172,2,4,4,2,4,4,1,4,4,4,4,4,4,4,1,0,1,1,1,1,1,0,1,1,0,2.34883720930233,4
177,1,5,4,2.88185354450872,2.90172898767858,2.79388780247719,1.8279525429783,4,4,1,3,3,3,2,1,1,1,1,1,1,1,0,0,0,2.1138890467,2.34883720930233,4
181,4,2,3,3,4,3,3,4,4,4,4,3,3,3,1,1,1,1,0,0,1,0,0,1,143.698259719,2.34883720930233,2
184,4,3,4,3,4,3,3,4,4,3,3,3,4,4,0,1,1,0,0,0,0,0,1,1,0,2.34883720930233,0
195,5,1,4,2.76301130750599,4,2,4,4,2,5,4,2,5,5,1,1,1,1,1,1,1,0,1,1,0,2.60625,4
198,3,3,4,2,5,3,5,2,4,5,4,4,4,5,1,1,1,1,1,1,1,0,1,1,140.150142445,2.60625,4
202,2,4,5,2,3,2,4,4,4,5,5,4,4,4,0,1,1,0,0,0,0,0,0,1,198.339706796,2.60625,0
203,2,4,4,2,2,1,4,5,4,5,4,4,4,5,1,1,1,1,1,1,1,0,0,1,122.541526758,2.60625,4
204,2,3,4,1,5,4,4,5,5,5,5,5,5,5,1,1,0,1,1,1,1,0,0,1,131.343642332,2.60625,4
205,1,5,4,2,3,1,4,5,5,5,5,4,4,5,1,1,1,1,1,1,1,0,1,1,21.7819807457,2.60625,4
206,4,2,5,1,5,5,5,4,4,4,4,4,4,4,1,1,0,1,1,0,0,0,0,1,280.152797428,2.60625,2
208,2,3,5,4,4,4,1,5,5,5,5,5,3,3,1,1,1,1,0,0,0,0,1,1,0,2.60625,1
211,2,4,3,5,3,2,2,4,4,5,5,4,4,5,0,1,1,1,0,0,0,0,0,1,162.646779501,2.60625,1
214,2,4,3,2,2,1,2,5,4,5,3,4,4,4,1,1,1,0,0,0,1,0,0,0,338.778517029,2.60625,1
215,1,4,5,1,3,2,2,5,4,5,3,3,4,4,1,1,1,1,1,1,1,0,0,1,0,2.60625,4
222,2,3,5,1,5,3,4,4,5,5,5,3,3,4,1,1,0,1,0,1,1,0,0,1,1014.65596942,2.60625,3
225,3,3,4,2,4,2,2,4,4,4,3,3,1,1,1,1,0,0,0,0,0,0,0,1,657.269257604,2.60625,0
226,2,4,4,2,3,2,3,4,4,4,4,4,3,3,1,1,1,1,1,0,1,0,0,1,832.053710195,2.60625,3
228,1,5,5,1,5,5,5,5,5,5,5,5,5,5,1,1,1,1,1,1,1,0,1,1,807.188757918,2.60625,4
231,2,4,5,2,5,4,5,4,4,5,5,4,5,5,1,1,1,1,1,0,1,0,0,1,170.031059167,2.60625,3
241,4,3,5,1,4,3,3,5,5,5,5,5,3,5,1,1,1,1,0,0,0,0,1,0,834.496466636,2.60625,1
242,1,5,5,1,4,3,4,5,4,5,5,5,3,3,1,1,1,1,1,0,0,0,0,0,1003.38195632,2.60625,2
243,2,4,4,2,4,3,4,4,4,4,4,4,3,4,1,1,1,1,1,0,0,0,0,1,2085.78966905,2.60625,2
245,2,5,5,1,3,3,2,4,4,5,4,4,4,4,1,1,1,0,1,1,1,0,0,1,2451.69820639,2.60625,3
247,5,1,4,2,4.28807877412954,2.60260009997199,3.5099584691869,4,4,4,3,2,2,3,1,1,1,1,1,1,1,0,0,1,2415.25347791,2.60625,4
249,5,1,4,4,3,3,2,4,4,4,4,4,3,3,1,1,1,1,0,0,0,0,0,1,2009.08614979,2.60625,1
251,1,4,4,2,5,5,3,4,4,4,4,4,4,3,1,1,1,1,1,1,0,0,0,1,2427.35709886,2.60625,3
252,4,2,5,1,4,4,5,4,4,4,4,4,3,4,1,1,1,1,1,0,1,0,0,1,543.358970776,2.60625,3
254,2,4,4,2,5,5,4,4,4,4,4,3,3,3,1,0,1,1,1,0,0,0,1,1,252.698526925,2.60625,2
260,5,5,5,1,3,2,2,4,4,5,5,5,5,5,1,1,1,1,1,1,1,0,0,0,1288.97400944,2.60625,4
262,1,5,5,2,2,2,3,5,5,4,4,4,4,4,1,0,1,1,0,0,0,0,0,0,1288.97400944,2.60625,1
269,5,2,2,4,3,2,1,4,4,4,4,4,4,4,1,1,1,1,1,1,1,0,0,0,71.179628183,2.34883720930233,4
272,4,2,4,2,5,5,4,4,3,5,4,4,4,4,1,1,1,1,1,1,1,0,1,1,17.5950153573,2.34883720930233,4
273,2,4,4,2,4,3,2,5,5,4,3,3,3,4,1,1,1,1,0,0,1,0,1,1,0,2.34883720930233,2
276,5,2.91795604188794,5,1.72578517837904,4,3,3,5,5,5,5,5,5,5,1,1,1,1,1,1,1,0,0,0,433.605494382,2.34883720930233,4
277,2,5,5,2,3,3,2,4,4,5,4,4,4,5,1,1,1,1,1,1,1,0,1,1,71.383272821,2.34883720930233,4
279,2,4,4,2,3,3,3,4,4,4,4,4,3,4,1,1,0,1,0,0,0,0,0,1,95.1445781635,2.34883720930233,1
280,5,4,5,1,2,2,3,5,5,5,5,5,5,3,1,1,1,1,1,1,1,0,1,1,0,2.34883720930233,4
287,1,4,5,4,1,4,2,4,4,4,4,2,3,4,1,0,1,1,0,1,0,0,0,0,199.086548743,2.34883720930233,2
292,2,4,4,2,4,2,4,4,4,4,4,3,4,4,1,1,1,1,1,1,1,0,1,1,0,2.60625,4
295,2,4,4,2,4,4,4,5,5,5,5,5,5,5,1,1,1,1,0,1,1,0,1,1,29.7582964422,2.60625,3
297,1.83285478132228,4.92167309914427,4.58010825879915,1.64077249188948,4.07436509015103,3.12361570362896,4.00657045182088,4.7622373641119,4.80908360459031,4.61546549767191,4.61481170645949,4.7006480663969,4.48941845158729,4.63715232236595,1,1,1,1,1,1,1,0,0,1,99.7037171933,2.60625,4
298,1,5,5,1,4,1,2,5,4,5,4,3,5,5,1,1,1,0,0,1,1,0,0,1,13.4212614015,2.60625,2
299,2,4,4,2,5,3,4,4,4,5,4,4,4,5,1,1,1,1,1,1,1,0,0,1,104.53861754,2.60625,4
301,2,5,5,1,3,2,2,5,5,5,5,5,5,5,1,1,1,1,1,1,1,0,0,1,357.851598665,2.60625,4
302,2,5,5,1,3,3,4,4,4,5,4,3,4,4,1,1,1,1,1,1,1,0,1,1,0,2.60625,4
303,4,2,5,2,5,4,3,4,4,5,4,3,4,3,1,1,1,1,0,0,0,0,1,1,678.636477144,2.60625,1
304,1,5,5,2,5,3,5,5,5,5,5,3,4,4,1,1,1,1,0,0,0,0,0,1,869.774449007,2.60625,1
305,4,3,4,3,4,3,3,4,2,2,4,3,3,2,1,1,1,1,0,0,0,0,0,1,179.924081934,2.60625,1
307,1,5,5,1,5,4,2,5,4,5,5,4,4,5,1,0,1,1,0,1,1,0,1,1,0,2.60625,3
308,2,3,3,4,4,2,2,5,5,5,5,3,2,5,1,1,1,1,0,0,1,0,0,1,25.7708785043,2.60625,2
318,4,2,4,2,4,2,3,3,4,5,4,2,4,4,1,1,1,0,0,0,0,0,0,1,1480.04359475,2.60625,0
321,1,2,4,1,5,5,4,5,5,5,5,4,5,5,1,1,1,0,1,1,1,0,0,1,478.846632377,2.60625,3
327,1,5,5,1,5,5,4,5,5,5,5,3,4,5,1,1,1,1,0,0,1,0,1,1,0,2.60625,2
333,2,4,5,2,2,2,2,5,5,5,5,5,5,5,1,1,1,1,1,1,1,0,0,1,946.30990296,2.60625,4
337,1,5,4,2,4,3,4,4,4,4,4,4,3,4,1,1,1,1,0,1,1,0,0,1,207.777546136,2.60625,3
344,4,2,3,4,3,3,4,4,4,5,3,4,2,4,1,1,1,1,1,0,1,0,0,0,1331.77764384,2.60625,3
347,2,3,4,3,4,4,4,4,4,3,4,3,2,4,1,0,0,1,1,0,1,0,0,1,2510.28147547,2.60625,3
349,1,1,4,1,4,2,4,4,4,5,4,3.37835271884969,4,4,1,1,0,1,0,1,0,0,0,1,1236.87083545,2.60625,2
350,1,5,4,2,5,3,3,4,5,5,4,4,4,5,1,1,1,1,0,0,0,0,0,1,1915.08489017,2.60625,1
355,5,1,5,1,3,3,3,4,4,5,4,3,2,3,1,1,1,1,0,0,0,0,0,1,1099.50098481,2.60625,1
365,2,4,4,3,5,5,3,5,5,5,5,5,5,5,1,1,0,1,1,0,0,0,0,1,371.756840386,2.34883720930233,2
379,5,3,4,3,2,1,2,4,4,3,4,4,3,3,1,1,1,1,1,1,1,0,0,1,22.6584584459,2.34883720930233,4
387,3,4,4,3,2,2,1,4,4,4,4,2,4,4,1,1,1,0,0,0,1,0,0,0,575.423843407,2.34883720930233,1
395,1,5,5,1,4,3,4,5,5,5,5,5,5,5,1,1,1,1,1,1,1,0,0,1,141.491541766,2.60625,4
402,1,5,5,1,5,5,5,5,5,5,5,5,5,5,1,1,1,1,1,1,1,0.0584369261215733,0.556701532917605,0.993584990849429,895.560807008,2.60625,4
411,4,2,4,3,2,2,1,4,4,5,4,4,4,4,1,1,1,0,1,0,1,0,0,0,1422.70702339,2.60625,2
412,2,4,4,2,3,3,4,5,5,5,5,5,5,5,1,1,1,1,1,1,1,0,0,1,567.389211377,2.60625,4
417,4,1,4,4,4,3,4,4,4,4,2,1,1,1,1,1,1,0,0,1,0,0,0,1,252.328068375,2.60625,1
419,2,4,5,1,5,3,4,4,5,5,4,4,2,4,1,1,1,1,0,0,0,1,1,0,1048.94401311,2.60625,1
425,4,3,5,3,3.84650904226699,3.28997252126648,3.61313934826687,4,5,3,3,3,4,3,1,1,1,1,1,1,1,0,0,1,963.388144644,2.60625,4
429,2,4,5,2,3,3,2,4,4,5,4,3,3,4,1,1,1,1,0,0,1,0,0,0,948.601736627,2.60625,2
430,2,4,5,1,4.0563582501654,3.20619363156568,3.85406239721885,4,4,5,5,2,4,2,1,1,1,1,1,1,1,0,0,1,883.76488711,2.60625,4
435,2,4,4,3,5,4,4,4,4,5,4,4,4,4,1,1,1,1,0,0,0,0,0,1,2129.50569376,2.60625,1
437,4,4,4,2,3.35374250627683,3,3,4,2,5,5,4,4,5,0,1,1,1,1,1,1,0,1,1,2112.59121112,2.60625,4
442,2,5,4,2,4,2,4,4,4,5,5,4,3,4,1,1,1,1,1,1,1,0,0,1,1658.77190716,2.60625,4
443,4,2,4,2,4,4,5,4,4,5,5,3,4,4,1,1,1,0,0,0,1,0,0,1,2230.78545699,2.60625,1
445,2,4,4,2,4,3,3,4,4,4,4,4,3,4,1,0,0,1,0,0,1,0,0,0,333.506406198,2.60625,2
449,4,4,4,2,3,1,3,4,4,4,4,4,4,4,1,1,1,0,1,0,0,0,0,1,914.46069688,2.60625,1
459,4,2,5,2,3,2,3,5,5,5,4,4,4,4,1,1,1,1,1,1,1,0,0,0,918.961814908,2.60625,4
460,2,4,4,2,4,3,4,4,5,5,4,4,4,4,1,1,0,1,1,1,1,0,1,0,606.816091459,2.34883720930233,4
462,2,4,4,2,4,2,2,4,4,5,4,3,3,4,1,1,1,1,1,0,1,0,0,1,28.2381800116,2.34883720930233,3
464,4,3,3,3,4,3,3,2,2,2,2,1,1,1,1,0,0,0,0,0,1,0,0,1,252.099458614,2.34883720930233,1
470,1,5,4,2,3,3,2,2,4,5,4,3,2,2,1,1,1,1,0,0,0,0,1,1,0,2.34883720930233,1
471,1,5,5,1,5,5,5,5,5,4,4,4,4,4,0,0,0,0,0,0,0,0,0,0,0,2.34883720930233,0
473,2,4,4,2,5,3,5,4,4,4,4,4,4,4,0,0,1,0,0,0,0,0,1,1,0,2.34883720930233,0
478,3,5,5,1,2,1,2,5,3,5,3,3,3,5,1,1,1,1,1,1,1,0,0,1,199.086548743,2.34883720930233,4
488,1,5,5,1,3.70267139873829,3.11810308054833,3.27937616901369,4,4,4,4,4,4,5,1,1,1,1,1,1,1,0,1,1,32.5000998437,2.60625,4
489,3,2,4,4,5,4,3,4,4,4,4,4,2,4,1,0,1,1,0,0,0,0,0,1,282.058076588,2.60625,1
490,3,4,5,3,3,3,4,5,5,5,5,5,5,5,1,1,0,1,1,0,1,0,0,0,426.206070953,2.60625,3
491,5,1,4,2,4,3,4,3,4,4,4,4,4,4,1,1,0,1,1,0,1,0,0,1,192.70049848,2.60625,3
507,2,4,4,3,4,3,4,3,2,4,3,3,3,3,1,1,1,1,0,0,0,0,0,1,964.44894111,2.60625,1
508,5,3,4,3,4,3,4,2,2,4,3,3,2,4,0,1,0,0,0,0,0,0,0,1,1211.91348612,2.60625,0
511,3,4,4,2,3.35926218482178,2.71231229612704,3.59417270922547,2,2,4,4,3,3,4,1,1,1,1,1,1,1,0,0,0,1333.01236955,2.60625,4
512,4,2,4,3,4,4,3,5,3,5,4,3,4,4,1,0,1,1,0,1,0,0,1,1,1318.61216324,2.60625,2
518,1,5,4,2,4,1,4,4,4,4,4,4,3,3,1,1,1,1,1,0,1,0,1,1,1516.27336134,2.60625,3
526,1,5,5,1,5,3,2,4,4,5,5,3,4,3,1,1,1,1,0,0,0,0,1,1,169.841602364,2.60625,1
528,2,3,5,2,3,5,5,4,4,5,4,4,4,5,1,1,1,1,1,1,1,1,1,1,323.375811897,2.60625,4
537,2,3,4,2,5,5,5,5,4,5,4,3,3,4,1,1,1,1,1,1,1,0,1,1,2254.97016846,2.60625,4
543,3,3,5,2,4,4,4,4,3,4,4,4,4,4,1,0,0,1,1,0,1,0,1,1,408.706259301,2.60625,3
545,1,5,5,1,4,3,5,5,5,5,5,5,5,5,1,1,1,1,0,0,1,0,0,0,917.81531545,2.60625,2
547,1.85779372476552,4.05995690593455,4.23158725330838,1.94043023378001,4.21530425645605,3.27713820502164,3.85688692597389,4.58791163825172,4.55905694727396,4.26118447237152,4.56135731402715,4.2539727856387,4.02767443090283,4.3618826145786,1,1,1,1,1,1,1,0.114150257934221,0.287193211459132,0.684679431328862,1184.93739853,2.60625,4
551,2,4,1,3,2,3,1,4,3,4,5,3,4,4,1,1,1,1,0,0,0,0,0,1,1331.76397283,2.60625,1
552,5,5,5,5,5,5,5,5,5,5,5,5,5,5,1,1,1,1,1,1,1,0,0,0,1288.97400944,2.60625,4
554,2,4,4,2,5,1,4,4,4,5,4,4,4,4,1,1,1,1,1,0,1,0,0,0,1288.97400944,2.60625,3
563,2,4,4,2,2,2,2,4,4,4,4,4,2,2,1,1,1,1,0,0,0,0,0,1,0,2.34883720930233,1
571,2,4,4,2,4,3,1,4,4,4,4,4,4,4,0,0,1,0,0,0,0,0,1,1,0,2.34883720930233,0
588,4,3,4,2,5,4,4,2,3,4,4,3,4,4,1,0,1,1,0,0,0,0,0,1,66.5595702386,2.60625,1
589,2,4,4,4,5,5,4,2,2,4,4,3,3,4,1,1,1,1,1,0,1,0,1,1,277.190395703,2.60625,3
591,2,4,4,2,4,4,4,4,4,4,4,4,4,4,1,0,1,1,1,1,1,0,0,1,176.837693596,2.60625,4
594,2,3,4,2,3.78148251821805,2.70227639495396,3.05551962992389,4,4,4,4,3,3,4,1,1,1,1,1,1,1,1,1,1,22.4586134114,2.60625,4
597,2,4,4,3,4.01511700915512,2.57938554620317,3.46429685345228,4,4,4,4,4,2,4,1,1,1,1,1,0,1,0,0,1,456.462014788,2.60625,3
598,5,1,5,1,5,2,4,4,4,5,4,4,4,5,1,0,1,0,0,0,1,0,0,0,820.621962269,2.60625,1
600,2,4,3,3,5,2,4,5,5,5,5,5,3,3,1,0,1,1,0,0,0,0,0,1,522.966336846,2.60625,1
603,2,4,4,2,3,2,2,2,4,4,4,3,2,3,1,1,1,1,0,0,0,0,1,0,0,2.60625,1
604,5,1,5,1,5,5,4,4,4,5,4,3,2,2,1,1,1,1,0,0,1,0,1,1,269.532237466,2.60625,2
611,2,3,4,2,4,3,3,4,4,4,3,3,3,4,1,1,1,0,0,0,1,0,0,1,1034.61268532,2.60625,1
619,2,5,5,1,5,2,5,5,5,5,5,5,3,3,1,1,1,1,1,1,1,0,0,1,906.859579325,2.60625,4
621,1,4,4,2,4,3,2,4,4,4,3,3,3,3,1,1,1,1,1,1,1,0,1,1,49.0061540797,2.60625,4
624,2,4,4,2,4,3,3,4,4,4,4,4,3,4,1,1,1,0,0,1,0,0,0,0,434.999202114,2.60625,1
625,1,4,4,1,5,4,5,4,3,4,4,4,4,4,1,1,1,1,0,1,1,0,1,0,945.636863056,2.60625,3
635,3,4,5,1,4,4,4,4,4,5,4,4,5,4,1,0,1,1,1,0,1,0,0,1,1770.0202059,2.60625,3
637,2,4,4,2,4,4,4,5,5,5,5,5,5,5,1,1,1,1,1,1,1,0,1,1,2019.43424862,2.60625,4
646,2,5,5,2,3,2,4,5,4,5,5,4,4,5,1,1,1,1,1,1,1,0,0,0,802.999002901,2.60625,4
649,4,3,4,2,4,3,3,4,4,4,4,4,4,4,1,1,0,0,1,0,0,0,1,0,1288.97400944,2.60625,1
659,4.30879337290575,1,3,3,3,3,3,4,4,4,4,3,4,3,1,1,1,1,1,0,0,0,0,1,26.0402856354,2.34883720930233,2
663,5,2,4,4,5,2,4,4,4,4,4,3,3,4,1,1,0,0,0,0,0,0,1,1,0,2.34883720930233,0
672,5,4,4,2,2,1,1,5,5,5,5,3,5,5,1,0,1,1,1,1,1,0,0,1,199.086548743,2.34883720930233,4
674,2,3,4,2,3,1,3,4,4,4,4,3.30606645902265,3,4,1,1,1,0,0,0,1,0,0,0,14.3584572795,2.34883720930233,1
676,5,1,1,5,5,5,3,5,5,4,4,4,5,5,1,1,1,1,1,0,1,0,1,1,0,2.60625,3
681,2,4,4,2,3.56363400432159,2.72791287173878,3.15859595357013,4,4,4,4,4,4,4,1,1,1,1,1,1,1,0,0,1,176.875042199,2.60625,4
682,2,4,4,3,4,3,4,4,4,5,4,3,3,2,1,1,0,1,1,0,0,0,0,1,451.198384273,2.60625,2
689,5,3,1,5,5,5,3,2,2,2,2,2,2,2,1,1,1,1,0,1,0,0,1,1,17.5090943767,2.60625,2
690,1,5,5,1,5,5,4,5,5,5,5,5,5,5,1,1,1,1,1,1,1,0,1,1,176.126700052,2.60625,4
693,2,4,4,2,4,2,3,4,4,4,4,4,3,4,1,0,1,0,0,0,0,0,0,0,793.535372391,2.60625,0
696,2,4,4,2,4,4,4,4,4,4,4,4,4,4,1,1,1,1,1,1,1,0,0,1,690.111018764,2.60625,4
698,2,4,4,2,4,2,3,5,4,4,3,3,4,4,1,0,1,1,1,1,1,0,1,1,97.3412616391,2.60625,4
699,1,4,4,2,4,3,4,4,4,4,4,4,4,4,1,1,1,1,1,1,1,0,0,1,116.452144549,2.60625,4
705,4,4,4,4,4,3,4,4,4,4,4,4,4,4,1,0,0,1,0,0,0,0,0,1,1657.90685534,2.60625,1
706,3,3,3,4,3,2,3,4,4,4,3,4,4,4,1,1,1,0,1,1,1,0,0,0,1785.21493902,2.60625,3
711,4,3,5,3,5,4,5,3,4,5,4,3,2,2,1,0,1,1,0,0,0,0,0,0,1288.97400944,2.60625,1
712,2,4,4,2,4,2,4,5,5,4,5,5,5,5,1,1,1,1,1,1,1,0,0,1,105.739359993,2.34883720930233,4
713,1,5,5,1,3,3,2,5,5,5,5,5,5,5,1,1,1,1,1,1,1,0,0,1,413.899018602,2.34883720930233,4
714,3.00503060307331,3.54961188719019,4.35158971777932,2.10911866275001,4,4,4,4.43082636101372,4.10472205635065,4.09616796403344,4.14989364354529,3.93257291703918,3.10460275473273,3.35044601498166,1,1,1,1,0,0,0,0,0,1,100.849249408,2.34883720930233,1
718,4,2,4,2,1,2,5,2,2,2,2,2,2,2,1,1,1,0,0,0,0,0,1,1,0,2.34883720930233,0
719,3,2,4,2,4,3,3,2,4,4,4,3,4,4,1,1,1,1,1,1,1,0,0,1,101.006123092,2.34883720930233,4
729,2,3,4,2,3,3,3,5,4,5,5,3,4,4,1,1,0,1,1,1,1,0,0,1,3999.94255627,2.60625,4
732,3,4,4,3,5,5,4,5,4,4,3,4,3,4,1,1,0,0,1,0,1,0,1,1,3491.15836669,2.60625,2
734,4,2,4,2,4,4,2,4,4,5,4,4,4,4,1,1,1,1,1,0,0,0,0,1,1726.73184414,2.60625,2
736,4,3,5,1,4,3,5,5,5,5,5,5,5,5,1,1,1,1,1,1,1,0,0,0,1394.28716568,2.60625,4
740,1,4,4,1,5,5,5,5,4,4,5,5,5,5,1,1,1,1,1,1,1,0,0,0,7330.4756261,2.60625,4
743,1,5,4,2,5,4,4,4,5,4,4,4,4,4,1,1,1,1,1,0,1,0,0,1,4159.26611639,2.60625,3
745,2,4,4,2,4,3,3,4,4,4,4,4,3,4,1,1,1,1,1,0,1,0,0,1,1669.94570243,2.60625,3
750,1,4,5,1,5,4,4,4,4,4,4,4,4,4,1,1,1,0,1,1,1,0,0,1,3686.51845749,2.60625,3
752,1,2,3,5,4,5,5,4,5,4,3,3,4,4,1,0,1,1,1,1,1,0,1,0,7530.74687352,2.60625,4
753,3,4,3,3,4.17912853868524,3.98975263197316,3.9843647689541,4,4,3,3,3,3,4,1,1,1,1,1,1,1,0,1,1,6951.280766,2.60625,4
757,2,4,3,2,4,3,3,4,4,4,4,4,2,4,1,1,1,1,0,1,1,0,0,1,1796.43790113,2.60625,3
758,5,1,5,1,5,5,5,5,3,5,3,2,3,1,1,0,0,0,0,0,0,0,0,0,1679.26908656,2.60625,0
766,2,3,4,3,4,4,4,2,2,4,4,3,3,3,0,1,0,1,1,0,1,0,0,0,3405.51488384,2.60625,3
771,1,5,3,5,3,3,2,4,5,4,4,3,4,4,1,1,0,1,1,0,1,0,0,0,7412.77894352,2.60625,3
777,4,2,5,2,5,5,5,4,4,5,5,4,5,5,1,1,1,1,1,0,1,0,0,0,3792.86589882,2.60625,3
778,2,4,4,2,4,2,4,4,4,4,4,3,4,4,1,0,1,1,1,1,1,0,0,1,2641.83523985,2.60625,4
784,4,4,5,1,4,3,1,4,5,5,5,5,5,5,1,1,1,1,1,1,1,0,1,1,0,2.41176470588235,4
788,2,4,4,2,4,3,2,5,3,2,2,2,2,2,1,1,0,0,0,0,0,0,1,1,85.5914544194,2.41176470588235,0
792,2,4,5,4,3,3,2,5,5,5,4,4,5,5,1,1,1,1,0,1,1,0,0,1,19.5767393398,2.41176470588235,3
795,2,2,2,4,5,5,5,4,4,5,3,4,4,4,1,0,1,1,1,1,1,0,1,1,38.6500162921,2.41176470588235,4
801,2,2,4,3,4,2,5,4,5,4,4,4,3,5,1,1,1,1,1,1,1,0,0,0,0,2.41176470588235,4
803,4,4,2,4,2,3,2,4,3,4,3,3,3,2,0,1,1,0,1,0,0,0,1,1,74.8218174345,2.41176470588235,1
806,4,2,4,4,3,2,4,3,4,4,3,3,2,3,1,1,1,1,1,0,1,0,1,1,10.9851629228,2.41176470588235,3
809,4,4,4,3,5,4,4,4,4,4,3,4,3,3,1,1,1,1,1,0,1,0,0,1,161.237235458,2.41176470588235,3
819,1,4,4,2,4,3,4,5,4,4,4,2,2,4,1,0,1,0,0,0,1,0,1,1,40.1714488733,2.31849315068493,1
830,3,3,5,1,3.79828708340395,3.19497957834908,3.8630339112451,5,5,5,4,4,4,4,1,1,1,1,1,1,1,0,0,1,361.209104417,2.31849315068493,4
837,2,4,3,3,3,2,2,4,2,4,4,3,1,2,1,1,1,0,1,0,0,0,1,1,136.400851161,2.31849315068493,1
839,4,3,4,3,3,2,3,4,4,4,4,4,4,4,1,1,1,1,0,1,1,0,0,1,204.406341131,2.31849315068493,3
846,2,4,4,2,4,2,3,4,4,5,5,3,3,3,1,1,1,1,0,0,0,0,0,1,115.835425224,2.31849315068493,1
849,2,4,5,5,3.28156900040868,2.84091983038917,2.0439638129063,5,5,5,5,5,5,5,1,1,1,1,1,1,1,-0.120957251529115,0,1,7.8754538304,2.31849315068493,4
851,5,2,4,2,4,4,4,4,3,5,3,3,3,4,1,1,1,1,0,0,1,0,0,1,40.0252264455,2.31849315068493,2
854,4,3,4,4,3,2,2,4,4,4,4,4,3,4,1,0,1,1,0,0,1,0,0,1,229.050110464,2.31849315068493,2
855,2,3,4,2,5,4,4,4,4,3,4,2,2,2,1,0,1,1,0,0,1,0,0,1,164.710589915,2.31849315068493,2
859,4,2,4,2,4,4,3,4,4,4,4,4,3,2,1,1,1,0,0,1,1,0,0,0,0,2.31849315068493,2
860,2,3,4,2,4,4,4,4,3,4,4,4,3,3,1,1,1,1,1,1,1,0,1,1,0.04026644769,2.31849315068493,4
864,2,4,4,2,4,3,3,4,4,5,5,3,3,4,1,1,1,1,1,0,0,0,0,1,41.7752750998,2.31849315068493,2
865,4,3,5,1,3,2,2,4,5,5,4,4,4,5,1,1,1,0,1,0,1,0,0,0,71.0611224633,2.31849315068493,2
866,1,1,3,3,4,2,3,2,2,3,2,2,3,3,1,1,1,1,0,0,1,0,0,1,193.186197369,2.31849315068493,2
869,2,5,5,2,5,5,5,4,4,4,4,4,4,4,1,0,1,1,0,1,1,0,0,1,264.754636667,2.31849315068493,3
876,2,4,4,2,5,5,5,4,5,4,3,3,3,4,1,1,1,1,1,1,1,1,1,1,0,2.31849315068493,4
877,4,4,4,2,4,2,3,2,3,4,4,1,4,4,1,1,1,0,0,0,0,0,1,1,48.0838786272,2.31849315068493,0
882,2,5,1,5,4,4,3.6494164239909,4,4,5,5,5,3,4,0,0,1,1,0,0,0,0,0,1,47.2630813972,2.31849315068493,1
883,2,4,4,2,4,4,3,4,4,5,4,4,4,4,1,1,1,1,1,1,1,0,1,1,20.7197659041,2.31849315068493,4
884,5,5,4,4,5,4,4,5,5,5,5,4,4,4,1,0,0,1,0,0,0,0,0,1,68.4941260796,2.31849315068493,1
885,1,5,5,1,5,4,4,5,5,5,5,4,5,5,1,1,1,1,1,1,1,0,1,1,2.49137997307,2.31849315068493,4
888,4,2,3.86435839468596,2,4,2,4,5,5,5,5,5,5,5,1,0,1,1,1,1,0,0,1,1,118.085855852,2.31849315068493,3
893,2,4,4,2,4,3,3,4,4,5,3,3,3,4,1,1,1,0,1,1,1,0,0,1,245.723579223,2.31849315068493,3
895,1,5,5,1,2,4,3,4,4,5,5,4,4,4,1,1,1,1,1,0,0,0,0,0,114.203145204,2.31849315068493,2
900,3,2,5,3,5,4,3,2,2,4,2,2,1,2,1,0,0,0,0,0,0,0,0,1,90.402412859,2.31849315068493,0
901,4,2,3,3,4,3,3,2,2,3.76740332367883,2.78013866094948,2,2,2,1,0,1,0,0,0,0,0,0,1,90.402412859,2.31849315068493,0
904,2,3,5,2,4.38557535296726,4.07264296596806,4.2528027806063,4,4,4,4,4,4,4,1,1,1,1,1,1,1,0,1,1,18.0323643263,2.31849315068493,4
914,4,2,2,4,4,3,4,4,4,5,4,4,4,4,1,1,0,1,0,0,0,0,1,1,13.2581957451,2.41176470588235,1
921,2,4,5,1,4,4,4,5,5,5,2,2,2,2,1,0,0,1,0,0,0,0,0,1,140.237028358,2.31849315068493,1
922,1,4,4,2,5,2,2,3,3,5,5,3,3,3,1,0,1,1,0,0,0,0,1,1,80.9348297611,2.31849315068493,1
929,2,4,5,1,4,2,5,5,4,5,5,3,3,5,1,0,1,0,0,1,1,0,0,1,397.032450457,2.31849315068493,2
930,3,3,4,2,5,3,4,5,4,4,5,5,4,3,1,1,1,1,1,0,0,0,1,0,417.679563253,2.31849315068493,2
932,2,4,4,2,4,3,3,4,4,4,4,3,4,4,1,1,1,1,0,0,0,0,0,1,369.558832136,2.31849315068493,1
938,2,4,5,2,5,5,4,5,5,5,5,5,5,5,1,1,1,1,1,1,1,0,0,0,204.761032863,2.31849315068493,4
939,2,4,5,1,3.44375054863388,2.63261035038186,3.27286785517357,4,4,5,4,1,2,4,1,1,1,1,1,1,1,0,0,1,211.046119364,2.31849315068493,4
941,3,3,4,1,4,3,3,4,4,4,4,4,4,4,1,0,0,1,0,0,1,0,0,0,136.85547977,2.31849315068493,2
945,2,4,4,2,4,3,3,4,4,4,4,4,2,4,1,1,1,1,1,0,1,0,0,1,71.4379066816,2.31849315068493,3
949,1,5,5,1,5,5,5,5,5,5,5,5,5,5,1,1,1,1,1,1,1,0,1,1,67.4923281262,2.31849315068493,4
952,1,5,5,1,5,5,5,4,4,5,5,5,5,5,1,1,1,1,1,0,1,0,0,1,90.4578655795,2.31849315068493,3
953,3,4,5,1,4,2,3,4,4,5,4,3,3,4,1,1,1,1,0,1,1,0,0,1,84.6050568917,2.31849315068493,3
954,2,4,4,2,2,2,2,4,4,5,4,4,4,4,1,1,1,1,0,0,1,0,0,1,134.644030291,2.31849315068493,2
956,4,2,3,4,3,3,3,3,3,5,4,3,3,3,1,1,1,0,0,0,1,0,0,1,68.1583270107,2.31849315068493,1
960,4,3,3,3,4,3,2,4,4,4,4,4,3,3,1,0,1,0,0,0,0,0,0,1,273.292573754,2.31849315068493,0
971,3,3.7624434680778,3.78438835476165,2.64841731313825,4,3,3,4,4,4.15674851648995,4,3.90987596764351,4,4,1,1,1,1,1,1,1,0,0,1,162.970120235,2.31849315068493,4
973,1,4,5,1,3,2,1,4,4,5,5,4,5,4,1,1,1,1,0,1,1,0,0,1,69.287787854,2.31849315068493,3
974,1,4,4,2,5,4,4,4,4,4,4,4,4,4,0,1,1,1,0,0,1,0,1,1,27.2053649517,2.31849315068493,2
977,3,2,5,1,3.78604152293406,3.20171889893558,3.37020896895973,1,2,5,2,3,2,2,1,1,1,1,1,1,1,0,1,1,19.3283623838,2.31849315068493,4
978,1,5,5,2,5,5,5,5,5,5,5,5,5,5,1,1,1,1,1,1,1,0,1,1,21.4542574607,2.31849315068493,4
979,4,2,5,2,5,2,5,5,5,5,5,5,5,5,1,1,1,1,1,1,1,0,1,1,64.3014509959,2.31849315068493,4
981,3,2,4,2,5,3,3,4,4,5,4,4,3,4,1,0,1,1,1,0,1,0,0,1,111.197473872,2.31849315068493,3
983,4,2,5,1,5,5,5,5,5,5,4,4,3,4,1,0,1,1,0,1,1,0,1,1,98.2959583234,2.31849315068493,3
988,4,1,4,3,5,3,4,4,4,5,5,5,5,5,0,1,0,0,0,0,0,0,0,0,0,2.31849315068493,0
989,2,4,4,3,3,2,3,4,4,3,4,3,4,4,1,0,1,1,0,1,1,0,1,1,0,2.31849315068493,3
991,2,4,4,2,3,3,4,4,4,5,5,4,3,4,0,0,1,0,0,0,0,0,1,1,185.902962122,2.31849315068493,0
992,1,5,4,2,3,2,2,2,4,4,2,3,2,4,1,1,1,0,0,0,1,0,0,1,10.1373332999,2.31849315068493,1
1004,2,4,4,2,5,3,3,5,5,5,5,3,3,4,1,1,1,1,0,1,1,0,1,1,30.900306356,2.31849315068493,3
1008,2,4,4,2,5,4,3,4,4,4,4,4,4,4,1,1,1,1,1,1,1,0,1,1,6.23004480928,2.41176470588235,4
1022,3,1,5,1,5,4,5,4,4,5,4,4,4,4,1,1,1,1,0,0,0,0,1,1,87.5496264602,2.31849315068493,1
1026,3,2,4,3,4,3,3,4,4,4,4,4,1,4,1,1,1,1,1,0,1,0,1,1,50.7996063327,2.31849315068493,3
1028,5,4,3,5,1,5,4,5,4,4,5,4,4,4,0,0,0,1,1,0,1,0,0,1,167.0398328,2.31849315068493,3
1032,4,3,4,2,5,3,5,4,4,4,4,3,1,2,1,0,1,0,0,0,0,0,0,1,360.286102007,2.31849315068493,0
1033,4,3,5,2,5,4,3,4,5,5,4,4,3,4,1,1,1,1,0,0,0,0,0,1,29.2624555728,2.31849315068493,1
1036,2,4,4,2,2,2,4,4,4,4,4,4,4,4,1,1,1,1,1,1,1,0,0,0,137.302717659,2.31849315068493,4
1045,1,5,2,2,4,3,2,5,5,5,3,3,3,4,1,1,0,0,0,0,0,0,0,0,59.0375464744,2.31849315068493,0
1049,1,4,5,1,5,4,4,3,4,5,5,4,4,5,0,1,1,1,1,0,1,0,1,1,14.0767290712,2.31849315068493,3
1054,4,2,4,2,2,1,2,2,2,4,2,3,2,4,0,0,1,0,1,0,1,0,0,1,233.008131596,2.31849315068493,2
1056,3,4,3,4,4,3,3,4,4,4,2,2,2,4,1,0,1,1,1,0,1,0,0,1,229.154427815,2.31849315068493,3
1057,2,4,4,2,3,2,3,4,4,4,4,3,3,3,1,0,1,0,0,0,0,0,0,0,208.943851935,2.31849315068493,0
1058,2,4,4,2,3,3,4,4,5,5,4,4,5,5,1,1,1,1,1,1,1,0,0,1,0,2.31849315068493,4
1065,4,1,4,3,4,1,2,4,4,4,4,3,3,3,1,1,1,1,0,0,0,0,0,1,385.514455423,2.31849315068493,1
1066,2,4,4,2,4,2,2,2,2,4,4,3,2,2,1,0,0,0,0,0,0,0,0,0,351.196220974,2.31849315068493,0
1069,1,5,5,1,5,2,4,5,5,4,4,4,4,5,0,0,0,0,0,0,0,0,0,0,345.073511816,2.31849315068493,0
1081,2,3,5,1,5,4,5,4,4,4,4,4,4,4,1,0,1,0,0,1,1,0,1,1,59.4744144769,2.31849315068493,2
1084,4,2,5,2,4,4,4,4,4,4,4,3,4,3,1,1,1,1,0,1,0,0,1,1,148.312288642,2.31849315068493,2
1087,2,4,4,2,4,3,3,4,4,4,4,4,4,4,1,1,1,1,1,1,1,0,0,1,85.7749231609,2.31849315068493,4
1088,2,4,4,2,3,2,2,4,4,5,3,3,3,4,1,1,1,0,0,0,1,0,0,1,169.042785015,2.31849315068493,1
1089,2,4,3,3,4,2,3,4,4,4,4,4,3,3,1,1,1,1,1,0,1,0,0,1,135.159211509,2.31849315068493,3
1091,2,4,4,2,4,2,4,4,4,4,4,3,3,3,1,1,1,1,0,0,1,0,0,1,71.4660371266,2.31849315068493,2
1098,2,2,2,3,3,3,4,4,3,4,4,4,3,4,1,0,1,1,1,0,1,0,0,1,114.019929894,2.31849315068493,3
1104,5,1,2,5,5,3,5,5,5,4,5,5,3,4,1,1,1,1,1,1,1,0,1,1,582.665868617,2.31849315068493,4
1106,3,4,4,3,4,2,3,2,4,4,4,4,4,4,1,1,1,1,1,1,1,0,1,1,0,2.41176470588235,4
1109,2,4,4,2,4,3,4,4,4,4,4,4,3,4,1,1,1,1,1,1,0,0,0,1,180.163371888,2.41176470588235,3
1112,3,4,4,3,2,2,2,2,3,3,3,3,3,3,1,0,1,1,1,1,0,0,0,0,0,2.31849315068493,3
1114,2,4,5,2,4,3,4,5,5,5,5,5,4,5,0,0,0,1,0,0,0,0,1,1,61.0354391592,2.31849315068493,1
1116,4,5,4,2,5,5,3,5,4,5,5,5,5,5,1,0,1,1,0,1,1,0,0,1,0,2.31849315068493,3
1117,4,4,5,1,5,4,4,2,4,5,2,2,4,4,1,1,1,1,1,0,0,0,0,1,93.2073031823,2.31849315068493,2
1121,4,3,5,2,3,2,2,4,4,4,4,3,2.72898939664221,3,1,1,1,1,0,0,1,0,0,1,99.2809948971,2.31849315068493,2
1122,1,5,5,1,4,2,4,3,5,5,5,3,5,5,1,1,1,1,0,0,0,0,0,1,140.719334105,2.31849315068493,1
1126,5,5,5,5,2,3,4,5,2,5,5,5,5,5,1,1,1,1,1,1,1,0,0,0,184.848893729,2.31849315068493,4
1129,2,4,4,2,4,3,4,4,4,5,4,3,3,3,1,0,1,1,1,0,0,0,0,0,139.394028478,2.31849315068493,2
1130,0.542649162143171,5,5,1,5,5,5,5,5,5,5,5,5,5,1,0,1,0,1,0,0,0,0,1,286.523538045,2.31849315068493,1
1131,2,4,4,2,5,5,4,4,4,5,4,4,4,4,1,0,1,0,0,1,1,0,0,0,98.405069783,2.31849315068493,2
1133,4,2,4,2,5,2,4,4,4,4,4,4,4,4,1,1,1,1,0,1,1,0,0,1,129.047692128,2.31849315068493,3
1134,4,2,4,2,3,2,2,2,2,5,4,4,3,4,1,1,1,0,0,0,0,0,0,1,137.302717659,2.31849315068493,0
1137,4,5,5,1,4,2,5,5,5,5,5,5,5,5,1,0,1,1,1,1,1,0,0,0,192.878052475,2.31849315068493,4
1139,4,2,5,2,4,4,2,4,4,5,4,4,4,4,0,1,1,1,0,0,1,0,1,1,6.80224564126,2.31849315068493,2
1143,1,5,4,2,3.44789222378538,2.69894737083703,3.00087973935873,4,4,5,4,3,4,4,1,1,1,1,1,1,1,0,0,1,158.205137187,2.31849315068493,4
1146,4,1,2,4,3,2,3,4,4,4,4,4,4,4,1,0,0,1,1,1,0,0,0,1,64.2954350828,2.31849315068493,3
1155,2,3,4,3,4,4,4,4,4,5,4,3,4,4,1,0,1,0,0,1,0,0,1,1,14.905896743,2.31849315068493,1
1160,2,4,3,3,3,3,3,4,4,4,3,1,1,3,1,1,1,1,1,0,0,0,0,1,51.1901727822,2.31849315068493,2
1163,2,4,4,2,4,2,4,4,4,5,5,4,2,2,1,0,1,0,0,0,0,0,0,1,230.698032271,2.31849315068493,0
1167,2,4,4,2,4,2,4,4,4,4,4,4,4,4,1,1,0,1,1,0,1,0,0,1,8.25531497132,2.31849315068493,3
1171,1,5,5,1,4,4,3,4,4,5,5,4,3,4,1,1,1,1,1,0,1,0,0,1,69.6337401243,2.31849315068493,3
1177,1,1,5,1,4,2,3,5,5,5,5,5,5,5,1,1,1,1,1,1,1,0,0,1,60.3032834411,2.31849315068493,4
1179,2,4,3,4,5,3,5,5,5,5,5,3,3,4,1,1,1,0,0,0,1,0,0,1,182.951330218,2.31849315068493,1
1184,2,4,5,1,4,2,3,4,4,5,4,4,2,2,1,1,1,0,0,0,0,0,0,1,233.943503759,2.31849315068493,0
1190,3,4,4,3,5,5,3,4,2,3,3,3,4,4,1,1,1,0,1,1,1,0,1,1,92.0047469385,2.31849315068493,3
1194,2,4,5,1,2,2,2,4,5,5,5,3,4,5,1,1,1,1,0,1,1,0,0,1,14.8069414066,2.31849315068493,3
1198,5,5,5,5,3.10389867982363,2.34946242975237,2.6666153113369,5,5,5,5,5,3,2,1,1,1,1,1,1,1,0,0,1,1594.67114575,2.31849315068493,4
1216,2,4,5,1,5,3,4,4,4,5,4,4,1,3,1,1,1,1,1,0,0,0,1,1,133.457290795,2.31849315068493,2
1217,4,4,4,2,3,3,3.4457452225304,5,5,5,5,5,5,5,1,1,1,1,1,0,1,0,1,0,53.6398997365,2.31849315068493,3
1218,2,4,4,2,4,2,2,4,4,4,2,2,3,4,0,0,0,0,1,0,1,0,0,0,65.5122981626,2.31849315068493,2
1219,4,2,4,2,2,2,2,2,5,4,4,3,5,5,1,1,1,1,0,1,1,0,0,1,17.7778666591,2.31849315068493,3
1228,2,4,4,2,5,3,3,3,3,4,4,3,4,4,1,1,1,1,1,1,1,0,0,1,109.094329458,2.31849315068493,4
1233,3,2,3,4,3,4,4,4,4,4,4,3,3,3,1,1,1,1,0,0,0,0,0,1,314.752116264,2.31849315068493,1
1238,2,5,3,4,5,2,4,4,4,4,4,2,3,5,1,0,0,1,0,0,1,0,1,1,133.778459457,2.31849315068493,2
1240,2,4,4,2,3,1,2,4,4,5,4,3,3,4,1,1,1,1,1,0,1,0,0,0,142.056190635,2.31849315068493,3
1245,3,4,3,3,4,4,4,2,2,4,4,4,4,4,1,1,1,1,1,1,1,0,0,1,208.407369814,2.31849315068493,4
1247,4,2,4,2,5,4,4,3,3,4,4,3,3,3,0,1,1,0,0,1,0,0,0,0,233.88475531,2.31849315068493,1
1252,4,2,4,2,3,3,4,2,4,5,4,4,4,4,0,1,1,1,0,1,1,0,1,0,150.627350962,2.31849315068493,3
1253,2,4,5,1,3,1,3,4,3,4,4,4,4,4,1,1,1,1,1,1,1,0,0,1,57.5127929343,2.31849315068493,4
1254,2,4,2,4,4,3,4,3,3,4,4,4,4,4,1,1,1,0,0,1,1,0,0,1,27.6042648996,2.31849315068493,2
1260,3,3,4,2,4.71513810595916,3.12047121248502,3.9840496706688,4,4,4,4,4,3,4,1,1,1,1,1,1,1,0,0,1,358.9821692,2.31849315068493,4
1262,2.86744225742784,3,4,2,5,5,5,3.3903837632013,4,4,2,2,3,2,1,1,1,1,1,1,1,0,0,1,50.9173334229,2.31849315068493,4
1268,2,4,5,1,4,3,3,3,4,4,4,4,4,4,1,0,1,1,0,1,1,0,0,1,44.2008041103,2.31849315068493,3
1271,3,3,4,2,5,4,4,3,4,5,4,4,3,3,1,1,1,1,0,0,0,0,1,1,184.414458262,2.31849315068493,1
1273,2,4,5,1,5,5,3,5,5,5,4,4,4,5,1,1,1,1,0,0,1,0,0,1,111.836004136,2.31849315068493,2
1277,4,2,3,4,4,3,3,4,4,4,4,4,3,4,1,1,1,1,1,0,0,0,0,1,45.1165584251,2.31849315068493,2
1287,2,4,4,4,5,1,4,4,4,4,4,4,4,4,1,1,1,1,1,1,1,0,0,1,299.277954858,2.31849315068493,4
1291,4,3,5,2,3.79615514807782,2.49480569719843,2.99221887057455,4,4,5,4,3,3,3,1,1,1,1,1,1,1,0,1,1,123.512811305,2.31849315068493,4
1294,4,2,3,4,2,3,3,4,4,4,4,4,4,4,1,1,1,1,1,1,1,0,1,1,0,2.31849315068493,4
1301,2,4,3,3,5,3,4,4,4,4,4,4,4,4,1,1,1,0,1,1,1,0,0,0,240.049093913,2.31849315068493,3
1303,2,4,5,2,5,3,3,4,4,5,4,2,3,4,1,1,1,1,0,0,1,0,1,1,0,2.41176470588235,2
1307,4,3,5,1,5,4,5,5,5,5,5,2,2,2,1,1,1,1,0,0,0,0,1,0,0,2.41176470588235,1
1313,5,1,3,4,4,3,4,4,4,5,4,4,4,4,1,1,1,0,1,0,1,0,0,1,0,2.31849315068493,2
1315,4,3,2,5,4,3,5,5,5,5,5,5,5,5,1,1,1,1,1,1,1,0,0,1,161.689667905,2.31849315068493,4
1320,2,4,5,1.62924550553267,5,3,5,4,4,4,4,4,4,4,1,1,1,0,1,0,1,0,0,1,254.179678933,2.31849315068493,2
1321,4,4,4,2,5,3,5,4,4,5,5,4,4,4,0,0,1,0,0,0,0,0,0,1,129.047692128,2.31849315068493,0
1323,2,4,4,2,5,4,4,4,4,4,4,3,3,4,1,1,1,1,1,1,1,0,0,1,110.772922284,2.31849315068493,4
1324,4,2,4,2,4,3,4,5,5,5,5,5,5,5,1,1,1,1,1,1,1,0,0,1,23.1207662022,2.31849315068493,4
1326,4,2,5,2,3,2,2,4,4,4,4,4,4,4,1,1,1,1,0,1,0,0,0,1,351.435081089,2.31849315068493,2
1327,5,5,5,4,3,1,2,4,3,5,3,3,3,3,1,1,1,0,0,1,1,0,0,1,177.521587329,2.31849315068493,2
1329,2,3,3,3,4,2,3,3,3,2,3,3,3,3,1,0,1,1,1,0,0,0,0,0,160.451501335,2.31849315068493,2
1332,2,4,4,3,3,2,3,5,5,5,5,5,5,5,1,1,1,1,1,1,1,0,0,0,137.302717659,2.31849315068493,4
1335,2,4,4,2,5,4,4,4,4,5,4,4,3,3,1,1,1,1,1,1,0,0,0,1,271.415852724,2.31849315068493,3
1337,2,3,3,3,4,3,5,3,3,4,4,3,3,3,1,1,1,1,0,0,0,0,1,1,172.194045984,2.31849315068493,1
1339,4,3,3,2,5,5,5,4,4,4,4,4,4,4,1,1,1,1,1,1,1,0,0,1,177.521587329,2.31849315068493,4
1340,1,4.73659429865457,5,1,5,5,5,5,4,5,5,5,5,3,1,1,1,0,0,0,0,0,0,1,48.7419802199,2.31849315068493,0
1341,2,5,4,2,5,4,4,5,4,4,4,4,4,4,1,1,1,1,1,1,1,0,0,1,66.327017762,2.31849315068493,4
1342,2,4,4,2,5,5,3,2,4,5,2,2,3,4,1,1,1,1,0,0,0,0,1,1,102.342901276,2.31849315068493,1
1346,4,4,4,2,3,2,3,4,4,4,4,4,3,4,1,1,1,1,1,0,0,0,0,1,2.17122821468,2.31849315068493,2
1351,3,4,4,2,5,2,4,5,5,4,3,4,2,3,1,1,1,1,0,0,1,0,0,0,329.278039632,2.31849315068493,2
1352,3,3,4,2,3,2,2,2,2,4,4,3,2,2,1,0,0,1,0,0,0,0,1,1,200.26845863,2.31849315068493,1
1353,4,1,5,2,4,3,4,5,5,5,5,3,3,3,1,1,1,0,1,0,0,0,0,1,144.169186514,2.31849315068493,1
1355,2,4,5,2,4,3,4,4,4,5,5,4,2,4,1,0,1,1,1,0,1,0,1,1,54.9599204434,2.31849315068493,3
1356,2,4,4,2,4,3,3,5,4,5,4,4,3,2,1,1,1,0,1,0,0,0,1,1,282.903861182,2.31849315068493,1
1357,2,4,4,2,4,2,4,4,4,4,4,3,3,4,1,1,1,1,0,0,1,0,0,1,115.212793917,2.31849315068493,2
1360,2,4,5,1,5,4,4,4,4,5,5,4,3,4,1,1,1,1,1,0,1,0,1,1,2.79781860693,2.31849315068493,3
1363,2,4,2,4,5,4,2,4,4,4,4,4,4,4,1,0,1,0,0,0,1,0,0,1,65.8489908252,2.31849315068493,1
1368,3,3,5,1,5,4,5,5,5,5,4,4,4,4,1,0,1,1,0,0,0,0,1,1,28.4768220921,2.31849315068493,1
1369,2,4,4,2,4.10661226038452,2.69936860386144,3.63331193941081,4,3,4,5,4,3,4,1,1,1,1,1,1,1,0,0,1,52.6202228194,2.31849315068493,4
1372,4,2,4,2,5,5,2,4,4,5,4,4,4,4,1,1,1,1,1,0,0,0,0,1,0,2.31849315068493,2
1374,2,4,4,2,5,5,4,4,1,4,4,2,3.8334064341916,4,0,0,1,1,0,1,0,0,1,1,117.862852106,2.31849315068493,2
1377,2,3,4,2,5,5,4,2,4,5,4,3,3,3,1,1,1,1,0,1,1,0,1,1,177.204316048,2.31849315068493,3
1380,4,2,4,3,3,2,2,4,4,5,5,4,4,3,1,0,1,1,0,0,0,0,0,0,43.1984633875,2.31849315068493,1
1385,3,4,5,3,4,3,4,4,4,4,3,3,1,3,1,0,1,1,1,0,0,0,0,1,157.508687663,2.31849315068493,2
1388,4,3,4,4,4,4,5,5,4,4,4,3,4,5,1,1,0,0,1,1,1,0,0,1,22.0850513272,2.31849315068493,3
1394,1,4,5,1,5,4,4,4,5,5,3,3,2,4,1,0,1,0,0,1,1,0,0,1,6.90198684671,2.31849315068493,2
1396,1,5,5,2,5,5,4,5,5,5,5,5,5,5,1,1,1,1,1,1,1,0,1,1,0,2.31849315068493,4
1397,1,5,5,1,5,5,4,4,4,4,3,3,3,3,0,1,1,0,0,0,1,0,1,1,0,2.31849315068493,1
1403,5,2,2,5,5,4,4,4,4,5,4,2,3,4,0,0,1,0,0,0,0,0,1,1,0,2.41176470588235,0
1406,1,5,5,1,5,3,4,5,5,5,5,4,4,4,1,1,1,1,0,1,1,0,0,1,0,2.41176470588235,3
1409,5,3,5,3,5,4,5,4,4,4,4,4,4,3,1,1,1,1,0,1,1,0,0,0,0,2.31849315068493,3
1410,4,2,4,2,4,3,4,4,4,4,4,2,3,3,1,1,1,0,0,0,0,0,1,1,0,2.31849315068493,0
1412,4,4,4,4,4,4,4,3,4,4,4,3,4,4,0,1,1,1,1,1,1,0,0,1,0,2.31849315068493,4
1419,4,3,4,3,4,3,2,4,4,4,4,2,1,4,1,1,1,0,0,0,0,0,1,1,51.4091083594,2.31849315068493,0
1420,4,3,4,3,3,2,4,5,3,5,4,3,3,4,1,1,1,1,0,0,1,0,1,1,75.8476047536,2.31849315068493,2
1424,4,2,2,5,3.44451270232223,4.41052422121145,3.93331216912812,5,5,5,5,5,5,5,1,1,1,1,1,1,1,0,0,0,129.047692128,2.31849315068493,4
1430,1,5,5,1,5,3,3,4,5,5,5,5,5,5,1,1,1,0,0,0,0,0,0,0,341.113292604,2.31849315068493,0
1432,2,4,4,2,4,2,2,4,4,4,4,4,1,1,1,1,1,0,1,0,0,0,0,1,292.619288481,2.31849315068493,1
1437,3,3,4,2,3,2,2,4,4,5,4,3,4,4,1,0,1,0,1,0,0,0,0,1,271.654570412,2.31849315068493,1
1439,2,4,4,2,3,2,1,2,4,4,2,2,2,4,1,1,1,1,1,0,1,0,0,1,204.620289039,2.31849315068493,3
1444,4,3,4,4,4,2,2,4,4,4,4,4,4,4,1,1,1,1,1,1,1,0,0,1,28.0682907622,2.31849315068493,4
1445,2,4,4,2,2,3,4,4,4,5,4,4,4,4,1,1,1,1,0,0,1,0,1,1,38.9206903143,2.31849315068493,2
1447,4,2,2,4,3,2,2,4,4,4,4,4,4,4,1,0,0,0,0,0,1,0,0,1,168.030420109,2.31849315068493,1
1448,2,5,5,1,4,2,5,4,5,5,4,4,4,3,1,1,1,1,1,1,1,0,0,1,162.063087568,2.31849315068493,4
1449,2,4,4,2,4,3,4,5,4,5,5,4,4,4,1,1,1,1,0,0,0,0,0,1,144.500678006,2.31849315068493,1
1451,2,3,4,2,5,3,5,2,2,4,4,2,2,4,1,1,1,1,0,0,0,0,0,1,256.244195642,2.31849315068493,1
1457,2,4,5,2,3,2,3,5,5,5,2,2,1,4,1,1,1,0,1,0,0,0,0,1,140.957806804,2.31849315068493,1
1460,2,5,4,4,5,3,4,4,4,5,5,3,3,3,1,0,1,1,0,0,1,0,1,1,320.383007097,2.31849315068493,2
1467,2,4,4,2,3,3,2,4,4,5,3,4,5,5,1,1,1,0,0,0,0,0,1,1,68.3256610356,2.31849315068493,0
1468,4,3,4,3,3.57932705142442,3.33989157136566,3.33774815122742,4,4,4,5,4,5,4,1,1,1,1,1,1,1,0,1,1,47.556974326,2.31849315068493,4
1478,2,3,4,4,5,2,2,3,4,4,3,3,4,3,1,1,1,1,1,0,1,0,1,1,0,2.31849315068493,3
1480,4,2,4,2,4,1,3,5,5,4,4,4,4,4,1,1,1,1,0,0,1,0,0,1,6.73417712721,2.31849315068493,2
1481,2,4,5,2,3,2,4,4,4,4,4,2,2,2,1,1,0,0,0,1,0,0,0,1,90.402412859,2.31849315068493,1
1482,3,3,4,2,5,4,4,4,4,4,3,3,2,4,1,0,1,1,0,0,1,0,1,1,145.171283081,2.31849315068493,2
1485,4,3,4,2,4,3,3,4,4,5,4,3,3,3,1,0,1,0,0,0,1,0,0,1,70.3135550755,2.31849315068493,1
1496,1,2,5,1,5,3,5,4,4,5,3,3,4,4,1,1,1,1,1,1,1,0,1,1,0,2.31849315068493,4
1498,4,2,4,2,5,4,4,5,5,5,4,4,4,4,1,1,1,1,0,1,1,0,1,1,0,2.31849315068493,3
1509,2,4,4,2,4,3,4,4,4,4,4,4,4,4,1,1,1,0,0,0,0,0,1,1,0,2.31849315068493,0
1515,4,2,2,4,4,4,3,4,2,4,4,2,3,3,1,1,1,1,0,1,1,0,1,1,52.9189418018,2.31849315068493,3
1517,1,3,1,5,5,3,1,3,4,3,4,3,3,3,1,1,0,0,0,1,0,0,0,1,220.225191609,2.31849315068493,1
1519,4,2,4,2,5,3,3,4,4,5,3,3,4,4,1,1,1,1,1,1,1,0,0,1,54.6679024475,2.31849315068493,4
1520,3,2,3,3,3,2,4,4,4,4,4,4,4,4,1,1,1,1,1,0,1,0,0,1,281.874617173,2.31849315068493,3
1523,2,4,4,2,5,4,5,5,1,4,3,1,2,4,1,0,1,1,0,1,1,0,0,0,420.960993727,2.31849315068493,3
1525,1,4,4,2,5,2,5,5,5,5,5,2,2,5,1,1,1,1,1,1,1,0,1,1,220.646660694,2.31849315068493,4
1535,2,4,4,2,4,3,3,4,4,4,4,2,4,4,1,1,1,1,1,1,1,0,0,0,36.209007839,2.31849315068493,4
1537,1,4,5,1,4.66424295099085,4.21247293661288,4.06467792282966,5,4,5,5,5,5,5,1,1,1,1,1,1,1,0,1,1,82.1715517155,2.31849315068493,4
1539,2,4,5,2,5,2,5,4,4,4,4,4,4,4,1,0,1,0,0,0,1,0,0,1,172.753657128,2.31849315068493,1
1542,1,5,5,1,3,2,2,5,2,5,4,3,5,4,1,1,0,1,0,1,1,0,0,1,250.265610583,2.31849315068493,3
1548,5,5,5,1,5,5,5,5,5,5,5,5,5,5,1,1,1,1,1,1,1,0,1,1,277.66706479,2.31849315068493,4
1550,4,2,2,4,3,3,4,4,4,4,4,4,4,4,1,0,1,1,0,1,0,0,0,0,199.307570567,2.31849315068493,2
1552,2,4,5,2,3,3,4,4,4,4,4,4,3,3,1,1,1,0,0,1,1,0,0,1,148.960476508,2.31849315068493,2
1553,2,4,5,2,4,3,4,4,4,4,4,4,4,4,1,1,1,0,1,1,1,0,0,0,182.347439602,2.31849315068493,3
1554,2,3,3,4,4,2,4,4,4,4,4,4,4,4,1,1,1,1,1,1,1,0,0,1,105.557405566,2.31849315068493,4
1557,1,5,5,1,4,3,3,5,5,5,4,3,4,4,1,0,1,0,0,0,1,0,1,1,2.52915514991,2.31849315068493,1
1558,2,5,4,2,3,2,2,5,5,5,4,4,4,4,1,1,1,1,0,1,1,0,1,1,172.757808712,2.31849315068493,3
1571,2,4,5,1,5,4,4,5,5,5,4,4,5,5,1,1,1,1,0,0,1,0,1,1,48.5744345144,2.31849315068493,2
1573,1,5,3,3,3.5819090956316,2.73447331047858,3.27780158119351,5,5,5,5,5,5,5,1,1,1,1,1,1,1,0,0,1,123.177071995,2.31849315068493,4
1574,4,2,5,1,4,4,4,4,2,4,5,5,2,4,1,0,1,1,1,0,1,0,0,1,48.4876592634,2.31849315068493,3
1579,4,2,4,4,5,2,3,5,5,4,4,3,2,2,1,1,1,0,1,0,0,0,0,0,51.0711856451,2.31849315068493,1
1581,1,5,4,2,5,3.94207764897815,4,5,3,5,4,3,4,4,1,0,1,1,0,0,0,0,0,1,23.2957669405,2.31849315068493,1
1590,4,2,3,3,5,4,5,4,4,4,4,4,4,4,1,1,1,1,1,1,1,0,1,1,0,2.31849315068493,4
1596,2,4,4,2,5,5,5,5,5,4,4,3,4,4,1,1,0,1,1,0,1,0,1,1,0,2.31849315068493,3
1611,2,5,5,1,3,3,5,4,4,5,5,4,3,5,1,1,1,1,1,0,1,0,0,1,0,2.31849315068493,3
1612,5,1,4,3,3,2,2,4,4,5,5,3,3,4,0,1,1,1,0,0,0,0,0,1,197.796920885,2.31849315068493,1
1619,2,4,3,4,4,3,4,4,4,5,4,3,3,3,1,1,1,1,1,0,1,0,1,1,117.306505455,2.31849315068493,3
1620,1,5,5,2,5,5,4,5,5,5,5,5,5,5,1,1,1,0,1,1,1,0,0,1,98.405069783,2.31849315068493,3
1624,1,4,5,1,5,4,4,2,4,5,4,4,3,4,1,1,1,1,1,0,1,0,0,1,280.317697548,2.31849315068493,3
1626,2,4,5,2,5,4,5,4,5,5,4,4,5,5,1,1,1,1,0,1,1,0,0,1,407.712434224,2.31849315068493,3
1629,1,5,4,2,4,4,3,5,2,4,4,4,3,5,0,1,1,1,0,0,0,0,0,0,86.4977811849,2.31849315068493,1
1631,4,2,5,2,5,3,4,4,5,5,3,3,4,5,1,1,1,1,1,1,1,0,0,0,98.405069783,2.31849315068493,4
1635,2,4,4,2,4,2,4,4,4,4,4,4,4,4,1,1,1,0,1,1,0,0,0,0,137.302717659,2.31849315068493,2
1636,4,3.15997618933187,4,2,4,3,4,4,4,4,4,4,4,4,1,1,0,0,0,0,0,0,0,1,137.302717659,2.31849315068493,0
1637,2,4,4,2,3.05159609520944,2.36409628082605,3.19767603063805,4,4,4,4,3,4,4,1,1,1,1,1,1,1,0,0,0,137.302717659,2.31849315068493,4
1640,3,3,5,4,5,3,4,4,4,4,4,4,3,1,1,1,1,0,0,0,0,0,0,1,192.414647398,2.31849315068493,0
1642,4,3,4,2,4,4,3,4,4,4,4,4,5,5,1,0,1,1,0,1,0,0,0,1,213.342860037,2.31849315068493,2
1654,1,3,5,5,2,1,4,2,3,3,3,2,4,1,1,0,1,0,0,0,0,0,0,1,92.6277505816,2.31849315068493,0
1655,3,3,4,2,4,4,4,4,4,4,4,3,4,4,1,0,1,0,1,0,1,0,0,1,19.1803517248,2.31849315068493,2
1658,2,3,5,2,2.74831618355107,1.69154016542256,3.03106146410893,4,5,5,5,4,3,4,1,1,1,1,1,1,1,0,0,0,142.340609402,2.31849315068493,4
1663,4,2,2,4,4,4,4,4,5,5,5,5,5,5,1,1,1,0,0,0,0,0,0,1,122.772822263,2.31849315068493,0
1664,2,2,4,3,5,5,5,5,5,5,5,5,4,5,1,1,1,1,0,0,1,0,1,1,43.9217909709,2.31849315068493,2
1665,4,4,5,5,5,2,4,4,5,5,5,5,5,5,1,1,1,0,0,1,0,0,1,1,84.0085116294,2.31849315068493,1
1666,2,3,4,2,3,2,3,4,4,5,4,3,2,2,1,0,1,1,0,0,0,0,1,1,133.353654393,2.31849315068493,1
1668,1,5,5,1,4.76577799365037,3.47107671307095,3.98279884172743,5,5,5,4,4,3,3,1,1,1,1,1,1,1,0,0,1,86.8809398707,2.31849315068493,4
1672,5,2,5,1,5,4,4,4,4,5,4,4,4,4,1,1,1,1,0,0,0,0,1,1,0,2.31849315068493,1
1677,2,5,4,2,3,3,1,2,4,5,4,4,4,4,1,1,0,1,0,0,0,0,0,1,90.402412859,2.31849315068493,1
1679,2,4,4,5,3.9429293728522,3.05155035836149,4.07587705157045,4,4,4,4,4,4,4,1,1,1,1,1,1,1,0,0,1,73.9169711507,2.31849315068493,4
1680,4,3.88116295820774,4,4,4,2,4,4,4,5,5,3,4,3,1,0,1,1,0,1,1,0,0,1,241.586357444,2.31849315068493,3
1682,5,2,5,2,3,1,1,5,5,5,5,4,3,3,1,1,1,1,1,0,1,0,0,0,263.239108266,2.31849315068493,3
1691,2,3,5,1,4,4,3,5,5,5,3,3,3,3,1,1,1,0,0,0,0,0,1,1,0,2.31849315068493,0
1692,5,5,5,2,4.15894207546955,2.93441734033738,3.6867219225957,5,5,5,5,5,5,5,1,1,1,1,1,1,1,0,0,1,0,2.31849315068493,4
1695,4,2,4,2,4,4,4,4,4,5,4,3,4,5,1,0,1,0,0,1,1,0,1,1,4.31034140368,2.31849315068493,2
1696,5,1,5,1,4,2,5,4,4,5,4,3,3,3,1,0,1,1,1,0,0,0,0,1,381.6733342,2.31849315068493,2
1703,4,2,4,2,3,2,3,4,5,5,3,3,3,4,1,1,1,0,0,0,1,0,0,0,16.1283065305,2.41176470588235,1
1704,1,5,5,1,3.83558151292937,3.90224279637743,3.95867370298615,2,2,5,3,4,5,5,1,1,1,1,1,1,1,0,1,1,46.0493743861,2.31849315068493,4
1706,4,3,3,3,4,4,4,4,4,4,4,3,3,3,1,1,1,1,0,0,0,0,1,1,86.1865634984,2.31849315068493,1
1709,2,4,4,2,4,3,3,5,5,5,5,4,3,4,1,1,1,1,0,0,1,0,0,1,253.779880497,2.31849315068493,2
1711,2,4,4,2,3,3,2,4,4,4,4,4,1,2,1,0,1,1,0,0,1,1,1,1,40.104361834,2.31849315068493,2
1717,4,3,4,2,2.09334320859239,1.67137912576408,2.06186577059964,2,2,4,2,1,2,2,1,1,1,1,1,1,1,0,0,0,394.339958443,2.31849315068493,4
1718,1,5,5,1,4,3,4,5,5,5,2,2,5,5,1,1,1,1,1,1,1,0,0,1,129.047692128,2.31849315068493,4
1719,2,4,4,5,4,4,2,4,4,4,4,4,4,4,1,0,1,1,1,0,1,0,0,1,16.9066138115,2.31849315068493,3
1725,2,4,4,3,4,4,4,4,4,5,5,4,4,4,1,1,1,1,0,0,1,0,0,1,107.779678786,2.31849315068493,2
1732,1,5,5,1,5,3,5,4,4,5,5,4.12008143171223,4,4,1,1,0,1,0,0,0,0,0,0,35.2972295273,2.31849315068493,1
1735,3,4,5,1,5,4,4,5,4,4,4,4,4,4,1,0,1,0,0,1,1,0,0,1,191.16899742,2.31849315068493,2
1737,2,4,4,2,3,2,4,5,5,5,4,4,4,4,1,1,0,0,1,0,1,0,0,1,115.943965387,2.31849315068493,2
1740,4,2,4,2,4,2,4,4,4,4,4,3,4,4,1,1,1,0,0,1,1,0,0,1,40.8896822107,2.31849315068493,2
1747,2,5,5,1,4,3,3,3,2,5,4,3,4,4,1,1,1,1,1,0,1,0,0,0,45.1962404611,2.31849315068493,3
1751,4,2,3,3,3,3,3,4,4,4,4,4,3,3,1,0,0,1,0,0,0,0,0,1,200.831848329,2.31849315068493,1
1754,1,4,3,4,5,3,5,4,4,4,4,4,4,4,1,1,1,1,0,0,1,0,1,1,17.8214687224,2.31849315068493,2
1756,4,2,2,4,5,5,4,5,5,5,4,4,5,5,1,0,1,1,1,0,1,0,0,1,65.2997120976,2.31849315068493,3
1758,3,5,3,3,4,2.79496263260675,3,5,5,4,5,4,4,4,1,0,1,0,0,0,0,0,1,1,38.2695140524,2.31849315068493,0
1759,2,4,5,1,4,4,3,1,2,4,4,3,2,2,0,0,1,1,0,0,0,0,1,1,130.375134532,2.31849315068493,1
1760,4,4,4,4,5,5,5,4,4,4,2,4,1,3,1,0,1,1,1,0,1,0,1,1,15.9074138163,2.31849315068493,3
1762,2,4,2,4,5,5,5,5,5,4,4,3,3,3,1,0,1,1,0,0,0,0,1,1,63.0491159242,2.31849315068493,1
1764,3,3,5,2,3.73423621204695,2.32851892336773,3.63636915019196,5,5,5,5,3,2,1,1,1,1,1,1,1,1,0,0,1,114.562694457,2.31849315068493,4
1775,2,4,4,2,5,3,4,5,4,5,4,4,4,5,1,0,1,1,0,0,1,0,1,1,64.6088341136,2.31849315068493,2
1781,1,5,5,1,5,2,3,5,5,5,5,4,3,4,1,1,1,1,1,0,1,0,0,0,1431.99251403,2.31849315068493,3
1790,5,5,5,5,4,2,4,5,5,5,5,5,5,5,1,1,1,1,1,1,1,0,0,0,3272.47517676,2.31849315068493,4
1795,4,2,4,2,3,2,4,3,2,2,2,2,2,2,1,0,0,1,1,0,1,0,0,1,4308.3572832,2.31849315068493,3
1806,2,3,4,2,4,2,5,4,4,4,4,4,4,4,1,1,1,1,1,1,1,0,0,1,1472.50637451,2.31849315068493,4
1810,4,2,4,3,4,3,3,4,4,4,4,3,2,2,1,1,0,1,0,0,0,0,0,0,1377.59849158,2.31849315068493,1
1821,4,2,2,4,5,5,5,4,4,5,4,3.80862594247847,5,4,1,1,0,1,0,0,0,0,0,1,1171.5998078,2.31849315068493,1
1828,3,3,4,3,4,3,3,3,4,4,4,3,3,4,1,1,1,1,1,0,1,0,0,1,4303.12662408,2.31849315068493,3
1829,2,4,5,2,4,3,3,4,4,5,4,4,4,4,0,1,0,0,1,0,1,0,0,1,2083.43593549,2.31849315068493,2
1830,2,3,4,2,4,5,4,4,4,4,4,4,4,4,1,1,1,1,0,1,0,0,0,1,1974.11747924,2.31849315068493,2
1832,3.11329584144833,4,5,4,3,2.42474434170878,2,4,5,5,5,5,4,4,1,1,1,1,1,1,1,0,0,0,2839.00737915,2.31849315068493,4
1833,3,3,3,3,3.93142210715728,3.66765778112777,3.10320074659253,4,4,4,4,4,4,4,1,1,1,1,1,1,1,0,0,0,2639.01254138,2.31849315068493,4
1838,2,4,4,2,5,5,4,2,4,4,4,4,4,4,1,1,0,1,1,1,1,0,0,1,1907.91329126,2.31849315068493,4
1843,4,2,3,4,4,4,3,4,4,4,4,3,4,4,1,1,1,1,0,1,1,0,0,1,5839.67509236,2.31849315068493,3
1847,1,4,4,1,5,3,5,5,5,5,5,5,5,5,1,0,1,0,1,0,1,0,0,0,2852.23632985,2.31849315068493,2
1857,3,2,4,5,5,5,5,4,4,4,4,2,2,2,1,1,0,1,0,0,0,0,0,0,2057.20326345,2.31849315068493,1
1859,1,5,5,1,2,2,3,4,5,5,5,3,3,4,1,1,1,1,1,0,0,0,0,1,4026.96498988,2.31849315068493,2
1862,1,5,4,2,4,2,4,2,4,4,4,3.14071629957243,2,3,1,1,1,1,0,0,0,0,0,1,2635.64571803,2.31849315068493,1
1863,4,1,3,4,4,5,4,2,4,5,4,4,5,5,1,0,1,1,1,0,0,0,1,0,2535.54250982,2.31849315068493,2
1869,3,3,5,1,5,2,4,4,4,5,1,4,4,4,0,1,1,0,1,1,1,0,0,0,1332.72580791,2.31849315068493,3
1874,3,2,4,2,3,3,3,4,4,4,4,3,4,4,0,1,1,1,1,1,1,0,0,1,6138.31037263,2.31849315068493,4
1882,4,4,4,2,3.28893580765071,2.68039330184437,3.27602203642431,4,4,4,4,4,3,4,1,1,1,1,1,1,1,0,0,0,3276.49653184,2.31849315068493,4
1890,3,3,5,1,5,2,4,4,4,5,3,2,1,4,1,0,1,0,0,0,1,0,0,0,3324.00073097,2.31849315068493,1
1899,4,1,3,4,4,2,3,4,4,4,4,4,3,4,1,0,1,0,1,0,1,0,0,0,1942.13747676,2.31849315068493,2
1901,2,4,4,2,4,2,4,4,4,4,4,4,4,4,1,1,1,1,1,1,1,0,0,1,1491.00042942,2.31849315068493,4
1909,4,3,4,2,4,4,3,5,5,5,3,4,5,4,0,1,1,1,1,1,1,0,1,1,0,2.44444444444444,4
1911,4,2,4,2,4,3,4,5,5,5,4,4,5,4,1,1,0,0,1,1,1,0,1,1,0,2.44444444444444,3
1912,2,1,5,1,5,4,4,4,5,5,5,5,5,5,1,1,1,0,1,1,1,0,1,1,0,2.44444444444444,3
1915,1,4,2,4,3,3,4,5,5,5,5,5,5,5,1,0,0,0,1,1,0,0,1,1,11718.058524,2.2,2
1917,4,3,2,4,4,3,5,4,4,4,4,4,4,4,1,0,0,0,0,1,0,0,0,1,11487.1313537,2.2,1
1918,1,1,4,1,3.62307369579681,2.66752724144092,3.91201874048226,4,5,5,5,5,4,3,1,1,1,1,1,1,1,0,0,1,12080.3114419,2.2,4
1924,3,5,5,1,4,2,4,2,4,5,5,4,5,5,1,1,0,1,1,1,1,1,0,1,10685.1668198,2.2,4
1926,3,3,4,1,4,4,4,2,2,4,3,4,3,3,1,1,0,0,0,0,0,0,0,1,11438.1517773,2.2,0
1927,4,4,3,4,5,5,5,5,5,5,5,5,5,5,1,0,0,0,0,1,1,0,0,1,11237.757192,2.2,2
1930,3,4,4,2,3,1,3,5,4,4,4,3,4,4,1,1,1,1,0,0,0,0,0,1,11099.7094714,2.2,1
1937,2,5,5,1,4,2,3,5,5,4,5,5,4,5,1,1,0,1,1,1,1,0,0,0,8111.20496536,2.2,4
1947,1,2,5,1,4,4,4,5,5,4,4,4,4,4,1,1,1,0,1,1,1,0,0,1,94.6224698701,2.44444444444444,3
1948,1,5,5,1,5,4,5,4,5,5,5,5,5,4,1,1,0,1,1,0,1,0,0,0,395.735519489,2.44444444444444,3
1951,2,4,4,2,3,3,3,4,4,5,4,4,4,4,1,1,1,0,1,1,1,0,0,1,429.471201296,2.44444444444444,3
1952,3,3,5,1,5,4,4,4,4,5,4,3,4,4,1,1,0,0,0,1,0,0,1,1,217.974297988,2.44444444444444,1
1954,4,2,4,4,4,3,4,5,4,5,5,5,5,5,1,1,1,1,1,1,0,0,1,1,0,2.44444444444444,3
1955,1,5,3,4,3,3,2,5,5,4,4,4,5,5,1,1,0,0,1,1,1,0,0,1,725.956782515,2.44444444444444,3
1956,1,5,5,1,5,4,4,5,5,4,5,5,5,5,1,1,1,0,1,1,1,0,1,1,704.305868318,2.44444444444444,3
1970,2,4,5,2,4,3,3,5,4,4,4,3,5,3,1,1,1,0,1,0,1,0,0,1,3471.16618929,1.81818181818182,2
1974,2,2,5,5,4,2,3,4,5,5,4,4,4,4,1,1,1,1,1,1,1,0,0,0,3496.39075611,1.81818181818182,4
1976,4,1,3,4,4,4,3,4,4,4,4,4,4,4,1,1,1,1,0,0,0,0,1,0,17464.5736359,1.81818181818182,1
1984,1,5,5,1,5,5,5,5,2,5,5,4,3,3,1,0,1,1,0,0,0,0,0,1,11196.1280285,2.2,1
1986,5,4,4,5,5,5,5,5,5,3,4,4,3,3,1,0,0,0,1,0,0,0,0,1,10976.5419485,2.2,1
1988,1,4,5,1,4,3,3,4,4,4,4,4,4,4,1,1,0,1,1,0,1,0,0,1,10934.0111551,2.2,3
1989,4,4,3,4,4,4,5,4,4,2,2,2,2.36567685418484,2,1,1,0,1,1,1,0,0,0,0,10945.2153403,2.2,3
1993,2,4,5,2,4,3,3,4,4,4,4,4,4,4,1,1,1,1,1,1,1,0,0,1,11110.2225512,2.2,4
1994,5,1,4,4,2,2,4,2,2,4,4,4,4,4,0,1,1,0,0,0,0,0,0,1,11244.9069745,2.2,0
1997,3,3,3,4,5,4,5,4,4,4,4,4,4,4,1,1,0,0,0,0,0,0,1,1,10984.9221232,2.2,0
2000,3.31302812794309,3.50316597103088,3.5029225370761,3.20645687114887,4,4,5,4.32277059956171,4.62108076187079,4.23537360673181,4.58240348549952,4.15693023989996,4.95705073485251,4.41047991730284,1,1,0,1,0,1,1,0,0,1,11980.464066,2.2,3
2001,3,3,4,2,4,4,5,5,4,5,5,4,4,4,1,1,1,0,1,0,1,0,0,0,10111.488425,2.2,2
2012,3,3,3,3,4,4,4,3,3,3,3,3,3,3,1,1,1,1,1,1,1,0,0,1,254.30268306,2.44444444444444,4
2018,3,3,3,4,5,3,5,4,4,5,4,4,4,4,1,1,1,0,0,1,0,0,0,1,352.317850896,2.44444444444444,1
2021,5,2,4,2,4,4,4,5,5,5,5,5,3,3,1,1,1,1,1,1,1,0,0,1,426.29894759,2.44444444444444,4
2022,2,4,5,1,5,5,4,5,5,5,5,4,3,3,1,1,0,0,0,0,0,0,0,1,378.774576989,2.44444444444444,0
2023,2,4,4,2,4,3,4,4,4,4,4,4,4,4,1,1,1,1,0,0,0,0,0,1,279.387511679,2.44444444444444,1
2036,3,4,3,4,4,3,4,4,3,3,3,3,3,3,1,1,1,0,1,0,0,0,0,1,3468.04928822,1.81818181818182,1
2038,2,4,4,2,3,2,2,4,4,4,4,4,3,4,1,1,1,0,1,0,1,1,1,1,3467.96133692,1.81818181818182,2
2039,3,2,4,4,2,2,3,2,2,4,2,2,3,3,0,0,0,0,1,0,1,0,0,0,18196.2201661,1.81818181818182,2
2057,2,4,4,4,3,3,2,4,4,4,4,4,3,4,1,0,0,1,1,1,1,0,0,0,11103.7462394,2.2,4
2058,5,1,1,1,5,5,5,3,3,5,4,3,3,3,1,0,1,0,0,0,0,0,0,1,11083.8337664,2.2,0
2059,4,2,5,2,3,2,3,4,4,5,4,3,3,2,1,1,1,0,0,0,1,0,0,0,11200.9662974,2.2,1
2060,1,5,5,2,2,2,1,5,5,5,5,5,5,5,1,1,1,1,0,0,1,0,0,0,10859.5361365,2.2,2
2063,1,5,5,1,5,4,5,5,5,5,5,3,3,4,1,1,1,1,0,0,1,0,0,1,11722.6260676,2.2,2
2075,3,3,3,3,4,3,4,4,4,4,4,4,4,4,1,1,0,0,1,1,1,0,0,1,1160.30522857,2.44444444444444,3
2076,3,3,4,2,3.91327730384388,3.34637637681647,3.99567227847822,4,4,5,5,5,5,5,1,1,1,1,1,1,1,0,0,1,417.485985654,2.44444444444444,4
2081,4,2,2,4,4,3,3,2,2,5,3,2,2,3,1,0,1,0,0,0,0,0,0,1,363.549417227,2.44444444444444,0
2084,1,4,4,3,4,2,4,4,4,4,4,4,4,4,1,1,1,1,1,1,1,0,0,1,352.201464966,2.44444444444444,4
2098,5,2,4,4,2,2,3,4,4,5,3,2,4,2,1,1,0,0,0,1,0,0,0,1,3465.11888541,1.81818181818182,1
2104,2,3,5,2,4,3,4,4,3,4,4,4,3,4,1,1,1,1,0,0,0,0,0,0,16294.6655761,1,1
2116,3,3,4,3,4,3,3,3,4,4,4,4,3,4,1,1,1,1,1,0,1,0,0,1,11273.2111188,2.2,3
2119,3,3,4,3,1,1,5,5,5,5,5,5,3,5,1,1,0,0,0,1,0,0,0,1,10907.7447542,2.2,1
2120,2,4,5,1,4,3,5,5,4,5,5,5,4,4,1,0,0,1,0,0,1,0,0,0,10839.0350371,2.2,2
2121,5,2,1,5,4,2,5,4,2,4,4,3,3,2,1,1,0,0,0,1,0,0,0,1,11192.5631836,2.2,1
2122,1,1,4,2,4,2,4,5,4,4,4,4,4,4,1,1,1,1,1,1,1,0,0,0,11278.9917507,2.2,4
2130,2,5,5,1,2,1,2,5,5,5,5,3,3,3,1,0,1,0,0,0,0,0,0,1,7708.2827738,2.2,0
2137,4,2,4,2,4,3,3,4,4,4,4,4,4,4,1,0,0,1,1,0,0,0,1,1,510.226085005,2.44444444444444,2
2145,4,2,4,2,4,3,2,5,5,4,4,4,4,4,1,1,0,1,0,1,1,0,0,1,741.72535298,2.44444444444444,3
2149,2,4,4,2,5,5,4,4,4,4,4,2,2,2,1,1,1,0,0,0,0,0,0,1,484.541026398,2.44444444444444,0
2151,1,5,5,2,3,1,2,4,4,4,4,4,3,4,1,1,1,1,1,1,1,0,1,1,162.909515017,2.44444444444444,4
2164,2,4,4,2,4,3,4,4,4,4,3,3,2,3,1,0,0,0,0,0,0,0,0,1,3462.00219389,1.81818181818182,0
2166,2,4,4,3,4,3,3,4,4,4,4,4,3,4,1,1,0,1,1,0,1,0,0,0,18216.284058,1.81818181818182,3
2167,2,4,5,2,5,4,5,5,5,5,5,5,5,5,1,1,0,1,1,0,0,0,0,0,14940.8026497,1.81818181818182,2
2169,3,3,4,2,3,2,2,4,3,4,4,3,3,3,1,1,1,0,0,0,0,0,0,0,18249.9685986,1,0
2171,3,3,4,2,3,2,4,5,5,5,4,4,4,4,1,1.39984213301757,1,1,0,0,0,0,0,0,20651.6449452,1,1
2173,4,3,4,2,3,3,3,2,2,4,4,2,4,4,1,1,1,1,0,0,1,0,0,0,20256.0799246,1,2
2178,3,5,5,1,3,3,4,4,4,4,4,4,4,4,1,1,1,1,1,1,1,0,0,0,11235.813501,2.2,4
2184,1,4,4,1.93629721267698,4,4,4,4,2,4,4,4,4,4,1,0,0,0,0,0,0,0,0,1,11135.521036,2.2,0
2185,5,5,1,5,5,5,5,5,5,5,5,5,5,5,1,1,1,1,1,1,1,0,0,1,11636.6131418,2.2,4
2191,2,4,4,2,3,2,4,4,4,4,4,4,4,4,1,1,1,1,1,1,1,0,0,1,10791.6118443,2.2,4
2201,4,2,4,4,5,4,5,5,5,4,4,5,3,4,1,1,1,0,1,0,1,0,0,1,553.662302821,2.44444444444444,2
2206,2,4,4,2,2,2,2,4,4,4,4,3,3,3,1,1,1,1,0,0,1,0,0,1,401.897482875,2.44444444444444,2
2213,3,3,4,2,5,3,5,5,5.15671408397578,5,5,5,5,5,1,1,1,1,1,0,1,1,0,1,512.151153336,2.44444444444444,3
2214,2,4,4,2,3.69153422343653,3.09008764940869,3.18163174387642,4,4,4,4,4,4,4,1,1,1,1,1,1,1,0,0,1,1104.61222631,2.44444444444444,4
2215,4,2,3,4,4,3,5,2,5,4,2,2,1,1,1,1,0,0,0,0,0,0,0,1,775.875596415,2.44444444444444,0
2217,4,2,3,3,5,3,4,5,5,4,3,3,3,4,1,1,1,0,0,1,1,1,0,1,847.005230867,2.44444444444444,2
2218,1,5,1,5,5,5,5,2,1,2,1,2,2,2,1,1,1,1,1,0,0,0,0,1,1037.50672733,2.44444444444444,2
2234,1,5,5,1,5,5,5,5,5,5,5,5,5,5,1,1,1,0,0,1,1,0,1,1,3458.69923498,1.81818181818182,2
2241,2,4,3,3,4,2,3,2,4,3,3,4,4,4,1,1,0,0,0,1,0,0,0,1,11356.6487647,2.2,1
2248,4,2,4,2,5,3,4,4,4,5,4,3,4,4,1,1,0,1,0,1,1,0,0,1,11257.4276551,2.2,3
2249,2,4,4,2,5,5,5,5,5,5,5,5,5,5,1,1,1,0,0,1,0,0,0,0,11205.8561085,2.2,1
2256,1,5,4,2,4,3,5,5,5,5,5,5,4,5,1,1,1,0,1,1,1,0,0,0,11787.8130782,2.2,3
2257,1,5,5,5,5,1,5,5,5,5,5,5,5,5,1,1,1,1,1,1,1,0,0,1,11617.4902427,2.2,4
2259,4,2,4,3,4,4,3,4,4,4,4,4,4,4,1,1,0,0,1,0,1,1,0,1,9765.59319004,2.2,2
2260,5,3.20910804403866,5,3.0930738709883,3.9190659006009,1,5,5,5,5,5,5,5,5,1,1,1,1,1,1,1,0,0,0,7566.27742137,2.2,4
2263,4,4,3,3,5,3,3,5,4,4,4,3,3,3,1,1,0,1,1,0,1,0,1,1,10579.1515885,2.2,3
2264,2,4,3,3,5,5,5,4,4,4,4,4,4,5,1,1,1,0,0,0,1,0,0,1,375.215570836,2.44444444444444,1
2266,2,3,4,2,5,4,4,4,4,4,3,3,4,4,1,1,1,0,1,1,1,0,0,1,651.547186923,2.44444444444444,3
2268,2,4,4,3,5,4,3,5,5,5,4,4,5,4,1,0,1,0,0,1,0,0,1,1,294.695212538,2.44444444444444,1
2269,2,4,4,2,3,2,2,4,4,4,4,4,3,4,1,1,1,0,0,1,0,0,0,1,272.899111426,2.44444444444444,1
2270,3,4,4,3,3,3,2,4,3,4,4,3,4,3,1,0,1,1,1,1,1,0,0,1,218.233796442,2.44444444444444,4
2273,4,2,4,3,5,2,4,5,5,5,5,5,5,5,1,1,1,1,1,1,1,0,0,0,0,2.44444444444444,4
2316,1,5,5,1,4,3,4,5,5,5,5,5,5,5,1,0,1,0,0,1,0,0,0,1,30.8762608804,2.26086956521739,1
2324,1,5,5,1,3,1,1,5,5,5,1,2.33702747616476,1,5,1,1,1,0,0,1,1,0,1,0,0,2.26086956521739,2
2331,4,3,4,2,5,4,4,4,4.30163348392066,4,4,3.99087469951414,3.99307703299168,4,1,1,1,1,1,1,1,0,1,1,24.0577683727,2.26086956521739,4
2334,1,4,4,2,5,4,5,5,5,5,5,5,5,4,1,1,1,1,1,0,0,1,1,1,80.9608955991,2.26086956521739,2
2336,5,2,2,4,5,4,4,5,5,5,5,5,5,5,0,1,1,0,1,1,1,0,1,1,45.6844848584,2.26086956521739,3
2337,2,4,5,1,4,2,4,4,4,5,4,3,4,4,1,1,1,1,0,1,1,0,1,1,92.1913148852,2.26086956521739,3
2338,2,4,4,2,4,2,4,3,3,4,3,3,4,4,1,1,1,0,0,1,0,1,0,0,925.095030873,2.26086956521739,1
2341,2,4,5,2,4,4,4,5,5,5,4,4,4,4,1,1,1,0,1,0,0,0,0,0,316.783936704,2.26086956521739,1
2344,2,4.98622012621328,5,1,5,5,4,5,5,5,5,5,5,5,1,1,1,1,1,1,1,0,0,1,278.007349171,2.26086956521739,4
2347,5,1,2,5,5,5,4,4,4,4,4,2,2,4,1,1,1,0,0,0,1,0,1,0,9843.98563144,1.72727272727273,1
2349,2,2,4,2,4,3,4,5,5,4,4,4,5,3,1,1,1,0,1,1,0,0,1,1,156.459499089,1.72727272727273,2
2350,2,4.47913168732095,5,2,3,3,2,5,5,5,5,4,1,2.47421961147771,1,1,0,1,1,0,1,0,0,1,165.136060693,1.72727272727273,3
2352,2,5,5,3,5,5,4,4,4,4,4,4,4,4,1,1,1,1,1,1,1,0,0,1,95.6682691103,1.72727272727273,4
2355,4,2,2,4,3,2,4,3,3,3,3,3,3,3,1,1,0,0,1,0,0,0,0,0,11303.687099,2.26086956521739,1
2374,3,3,4,2,4,2,4,2,2,4,4,2,2,2,1,1,1,0,0,0,0,0,1,1,94.5359786897,2.26086956521739,0
2375,4,2,1,5,5,3,2,4,2,4,3,3,4,4,1,0,1,0,0,0,0,1,1,1,33.2706626071,2.26086956521739,0
2378,4,2,1,4,1,2,1,4,4,4,3,3,4,3,1,1,1,0,1,1,1,0,1,1,3.35086079444,2.26086956521739,3
2380,4,1,2,5,4,3,2,4,2,4,4,4,4,4,1,1,1,1,1,1,1,0,1,1,27.3692084017,2.26086956521739,4
2386,4,2,4,2,4,2,4,4,4,5,4,4,5,5,1,1,1,0,1,1,0,0,1,1,0,2.26086956521739,2
2391,5,2,4,2,4,3,3,4,4,4,3,2,1,2,1,1,0,0,0,0,0,0,1,1,120.354181632,1.72727272727273,0
2397,4,2,3,4,3,2,3,4,3.81068076120435,5,4,4,4,4,1,0,0,1,1,1,1,0,0,0,10939.9984991,2.26086956521739,4
2416,5,1,2,5,5,5,5,5,5,5,5,5,5,5,1,1,1,1,1,1,1,0,1,1,19.9978559907,2.26086956521739,4
2418,1,4,1,5,5,5,4,5,5,2,1,2,5,5,1,1,1,0,1,1,1,0,1,1,1.08399096116,2.26086956521739,3
2430,1,4,5,2,3,2,2,4,4,5,4,4,4,4,1,1,1,0,0,1,1,1,1,1,83.3664279456,1.72727272727273,2
2444,3,2,3,4,4,4,2,5,4,3,4,5,4,5,1,1,1,1,1,1,1,0,1,1,24.0514248784,2.26086956521739,4
2445,4,4,5,2,5,5,5,5,3,5,3,3,3,2,1,0,1,0,0,0,0,0,1,1,42.2278290247,2.26086956521739,0
2446,4,3,4,2,4,4,4,2,4,4,3,3,2,2,1,1,1,0,1,1,0,0,1,1,134.361968755,2.26086956521739,2
2457,4,3,2,4,5,5,5,4,4,5,4,4,4,5,1,0,0,0,1,1,0,0,1,1,1016.55611254,2.26086956521739,2
2460,2,4,5,3,3,2,3,4,4,4,3,4,4,4,1,1,1,0,0,0,1,0,1,1,435.719105737,1.72727272727273,1
2461,2,4,5,1,5,5,5,4,4,4,4,4,4,4,1,1,1,0,0,1,1,0,0,1,232.803004124,1.72727272727273,2
2462,1,5,5,1,2,2,3,5,5,4,5,4,2,2,1,1,0,0,1,0,0,0,0,1,149.381671861,1.72727272727273,1
2463,2,4,4,2,4,2,4,4,4,5,3,4,5,4,1,1,0,1,0,0,0,0,1,1,235.476967457,1.72727272727273,1
2470,4,1,2,5,3,2,2,4,4,4,1,2,2,2,1,1,1,0,1,0,1,0,1,1,79.5115390474,2.26086956521739,2
2471,2,4,4,2,2,2,5,5,4,5,4,4,4,4,1,1,1,0,1,0,1,0,0,1,86.8638190032,1.72727272727273,2
