10,5,2,4,2,3,2,2,5,4,5,4,4,4,4,1,1,1,1,1,0,1,4,4,5,99,99,3,4,0,0,0,800.950920645
12,1,4,4,2,4,3,3,5,5,4,4,3,4,4,1,1,1,1,1,1,0,5,4,4,4,3,4,3,0,0,1,2.73067880476
15,1,4,4,2,4,2,2,4,4,5,4,3,2,2,1,1,1,1,0,0,0,5,5,5,4,1,1,1,1,0,0,555.138411404
18,1,5,5,1,4,3,4,5,5,5,5,5,5,5,1,1,1,1,1,1,1,5,5,5,5,5,5,5,0,1,1,261.147652939
23,3,2,4,2,4,3,4,4,5,5,5,5,3,4,1,1,1,0,1,0,0,5,5,5,5,5,3,2,0,1,1,1352.30187052
32,4,3,4,3,2,2,3,5,5,5,5,5,5,5,1,1,1,1,1,1,1,4,99,4,4,4,4,99,0,1,1,0.8167450241
33,2,4,4,2,3,3,3,4,4,5,5,4,4,5,1,1,1,1,1,1,1,4,4,4,99,99,99,99,0,0,1,43.9920785375
37,4,4,4,3,3,3,1,5,5,5,4,5,4,3,1,1,0,1,0,0,0,4,4,2,4,1,1,1,0,0,1,225.609248342
41,2,4,4,2,4,1,3,5,4,5,3,3,4,3,1,1,1,0,1,1,0,99,99,99,1,1,99,1,0,0,1,1161.05924053
42,99,99,99,99,99,99,99,99,99,99,99,99,99,99,1,1,1,1,1,1,1,99,99,99,99,99,99,99,99,99,99,154.686408455
46,2,4,4,2,5,3,5,4,4,4,4,3,4,4,1,1,1,1,0,0,1,4,4,4,4,4,4,4,0,1,1,1086.75620524
53,2,5,5,2,5,5,5,5,5,5,3,4,3,5,1,1,1,0,0,0,1,5,5,5,3,4,4,5,0,0,1,2156.92872399
57,2,2,4,2,99,99,99,4,4,4,4,4,3,3,1,1,1,1,1,1,1,99,99,99,99,99,99,99,0,0,1,2167.55020211
60,2,4,3,4,4,2,4,5,4,5,4,4,4,4,1,1,1,1,1,1,1,4,4,4,4,4,4,4,0,0,0,406.665652225
61,2,1,2,4,99,99,99,2,2,4,2,2,2,2,1,1,1,1,1,1,1,99,99,99,99,99,99,99,0,0,1,438.854902307
62,4,2,4,2,3,3,2,4,4,4,4,4,4,4,1,1,0,1,1,1,0,4,4,3,4,4,4,4,0,0,1,252.639197985
63,5,2,4,5,4,3,2,5,5,5,4,4,3,3,1,1,0,0,0,0,0,4,5,4,3,3,4,2,0,0,1,272.401911304
68,2,4,5,1,99,99,99,4,5,5,5,5,5,5,1,1,1,1,1,1,1,99,99,99,99,99,99,99,0,0,1,1288.97400944
72,1,4,5,1,5,5,4,4,4,5,5,4,4,4,1,1,1,1,0,0,0,5,5,5,5,3,3,3,0,0,1,1398.03757532
74,2,4,5,2,4,3,4,4,4,4,4,4,4,4,1,1,1,0,1,1,1,4,4,4,4,4,4,4,0,0,1,0
75,4,2,4,3,4,3,5,4,4,5,4,3,3,5,0,1,1,1,0,0,1,4,5,5,5,4,4,4,0,1,1,93.7609913617
79,4,4,4,2,4,2,4,5,4,4,5,4,3,3,1,1,0,1,1,0,0,4,99,99,99,2,2,2,0,0,1,69.8585932679
82,5,5,5,2,4,2,2,5,5,5,5,5,5,5,1,1,1,0,0,0,1,3,3,4,3,3,3,4,0,0,1,1.33655276578
84,1,2,4,2,4,4,4,5,5,5,5,5,5,5,1,1,0,1,1,1,1,5,5,5,5,5,5,5,0,1,0,16.1494171739
89,1,5,99,1,5,5,5,5,5,4,5,4,4,4,1,1,0,1,1,1,1,99,99,99,99,99,99,99,0,0,1,199.086548743
90,4,99,5,2,4,3,3,5,5,5,5,5,5,5,1,1,0,1,0,0,0,4,4,1,4,2,2,2,0,0,1,199.086548743
92,2,5,5,1,3,3,3,5,4,4,4,4,3,4,1,1,0,1,0,0,1,5,5,3,5,4,4,5,0,0,1,199.086548743
93,2,4,4,2,2,2,2,4,4,5,4,3,3,4,1,1,1,1,1,0,0,4,4,4,4,4,3,3,0,0,0,498.725033197
97,2,4,4,2,2,1,1,5,5,5,5,4,4,4,1,1,1,1,1,1,1,5,5,5,5,4,4,4,0,0,0,634.884008026
99,4,1,2,4,3,3,2,3,4,4,1,1,1,1,1,1,0,0,0,0,0,3,3,1,1,1,1,1,0,1,0,0
101,2,4,4,2,5,4,5,4,4,4,4,3,3,4,1,0,1,1,0,0,0,4,1,3,3,3,2,1,0,0,1,43.0300329647
104,2,4,3,3,5,4,4,5,5,5,5,5,5,5,1,0,1,1,0,1,1,5,1,4,4,3,4,4,0,1,1,47.325622055
105,2,4,4,2,2,2,3,2,4,5,2,2,2,4,0,1,1,0,0,0,0,1,5,5,3,2,2,2,0,0,1,523.306762635
109,1,3,4,5,2,2,2,5,5,5,5,5,5,5,1,1,0,1,1,0,1,5,5,4,4,99,99,5,0,1,1,195.215110247
124,4,2,4,2,5,2,4,2,3,4,4,3,2,2,0,0,1,1,1,1,0,2,1,4,4,4,4,2,0,0,1,145.808062165
128,2,4,5,2,5,5,4,5,5,5,5,5,5,5,1,1,1,1,1,1,1,5,5,5,5,5,5,5,0,1,1,757.138596141
133,1,2,2,4,5,4,4,5,5,5,5,5,5,1,1,0,0,0,0,1,0,5,5,4,5,4,4,3,0,1,1,220.939096264
147,2,4,3,4,4,4,4,2,2,4,4,4,4,4,1,1,1,0,0,1,0,99,99,99,3,99,99,2,0,0,1,1687.98939779
148,2,5,4,1,4,4,4,4,4,5,4,4,3,4,1,0,1,0,0,0,0,5,4,5,4,3,3,3,0,1,1,2466.63609368
151,4,2,4,2,5,3,3,4,4,4,4,4,4,4,1,1,1,1,1,1,1,5,5,5,5,5,5,5,0,0,1,261.800165727
153,2,4,5,1,1,4,5,4,3,4,5,5,5,5,1,1,1,1,1,1,1,99,99,99,99,99,99,99,0,1,1,757.253454862
167,2,4,4,2,2,2,2,4,4,4,3,4,4,4,1,1,1,1,1,1,1,4,99,99,99,99,99,99,0,0,0,1288.97400944
172,2,4,4,2,4,4,1,4,4,4,4,4,4,4,1,0,1,1,1,1,1,5,4,4,4,4,4,2,0,1,1,0
177,1,5,4,99,99,99,99,4,4,1,3,3,3,2,1,1,1,1,1,1,1,99,99,99,99,99,99,99,0,0,0,2.1138890467
181,4,2,3,3,4,3,3,4,4,4,4,3,3,3,1,1,1,1,0,0,1,4,4,4,4,4,2,4,0,0,1,143.698259719
184,4,3,4,3,4,3,3,4,4,3,3,3,4,4,0,1,1,0,0,0,0,4,4,5,3,3,4,3,0,1,1,0
195,5,1,4,99,4,2,4,4,2,5,4,2,5,5,1,1,1,1,1,1,1,5,5,5,5,5,5,5,0,1,1,0
198,3,3,4,2,5,3,5,2,4,5,4,4,4,5,1,1,1,1,1,1,1,4,5,5,4,3,3,4,0,1,1,140.150142445
202,2,4,5,2,3,2,4,4,4,5,5,4,4,4,0,1,1,0,0,0,0,4,5,5,3,3,2,1,0,0,1,198.339706796
203,2,4,4,2,2,1,4,5,4,5,4,4,4,5,1,1,1,1,1,1,1,4,4,4,4,4,4,4,0,0,1,122.541526758
204,2,3,4,1,5,4,4,5,5,5,5,5,5,5,1,1,0,1,1,1,1,5,5,5,5,5,5,5,0,0,1,131.343642332
205,1,5,4,2,3,1,4,5,5,5,5,4,4,5,1,1,1,1,1,1,1,4,99,99,5,4,5,5,0,1,1,21.7819807457
206,4,2,5,1,5,5,5,4,4,4,4,4,4,4,1,1,0,1,1,0,0,5,5,5,5,4,3,2,0,0,1,280.152797428
208,2,3,5,4,4,4,1,5,5,5,5,5,3,3,1,1,1,1,0,0,0,5,5,5,5,5,5,5,0,1,1,0
211,2,4,3,5,3,2,2,4,4,5,5,4,4,5,0,1,1,1,0,0,0,5,5,5,5,5,5,5,0,0,1,162.646779501
214,2,4,3,2,2,1,2,5,4,5,3,4,4,4,1,1,1,0,0,0,1,5,4,5,4,4,3,4,0,0,0,338.778517029
215,1,4,5,1,3,2,2,5,4,5,3,3,4,4,1,1,1,1,1,1,1,5,5,5,5,4,4,5,0,0,1,0
222,2,3,5,1,5,3,4,4,5,5,5,3,3,4,1,1,0,1,0,1,1,5,5,3,4,4,99,4,0,0,1,1014.65596942
225,3,3,4,2,4,2,2,4,4,4,3,3,1,1,1,1,0,0,0,0,0,3,3,3,1,1,1,1,0,0,1,657.269257604
226,2,4,4,2,3,2,3,4,4,4,4,4,3,3,1,1,1,1,1,0,1,4,4,4,4,4,1,4,0,0,1,832.053710195
228,1,5,5,1,5,5,5,5,5,5,5,5,5,5,1,1,1,1,1,1,1,5,5,5,5,5,5,5,0,1,1,807.188757918
231,2,4,5,2,5,4,5,4,4,5,5,4,5,5,1,1,1,1,1,0,1,5,5,5,5,5,3,5,0,0,1,170.031059167
241,4,3,5,1,4,3,3,5,5,5,5,5,3,5,1,1,1,1,0,0,0,4,4,4,4,4,3,4,0,1,0,834.496466636
242,1,5,5,1,4,3,4,5,4,5,5,5,3,3,1,1,1,1,1,0,0,5,5,5,5,5,3,4,0,0,0,1003.38195632
243,2,4,4,2,4,3,4,4,4,4,4,4,3,4,1,1,1,1,1,0,0,4,4,4,4,4,1,1,0,0,1,2085.78966905
245,2,5,5,1,3,3,2,4,4,5,4,4,4,4,1,1,1,0,1,1,1,4,4,4,1,3,3,2,0,0,1,2451.69820639
247,5,1,4,2,99,99,99,4,4,4,3,2,2,3,1,1,1,1,1,1,1,99,99,99,99,99,99,99,0,0,1,2415.25347791
249,5,1,4,4,3,3,2,4,4,4,4,4,3,3,1,1,1,1,0,0,0,4,4,4,4,4,2,2,0,0,1,2009.08614979
251,1,4,4,2,5,5,3,4,4,4,4,4,4,3,1,1,1,1,1,1,0,5,5,5,5,5,5,1,0,0,1,2427.35709886
252,4,2,5,1,4,4,5,4,4,4,4,4,3,4,1,1,1,1,1,0,1,4,5,4,4,3,2,4,0,0,1,543.358970776
254,2,4,4,2,5,5,4,4,4,4,4,3,3,3,1,0,1,1,1,0,0,4,4,4,4,4,2,2,0,1,1,252.698526925
260,5,5,5,1,3,2,2,4,4,5,5,5,5,5,1,1,1,1,1,1,1,99,99,99,99,99,99,99,0,0,0,1288.97400944
262,1,5,5,2,2,2,3,5,5,4,4,4,4,4,1,0,1,1,0,0,0,4,99,3,3,99,99,99,0,0,0,1288.97400944
269,5,2,2,4,3,2,1,4,4,4,4,4,4,4,1,1,1,1,1,1,1,5,5,5,5,4,4,4,0,0,0,71.179628183
272,4,2,4,2,5,5,4,4,3,5,4,4,4,4,1,1,1,1,1,1,1,5,99,5,5,5,5,5,0,1,1,17.5950153573
273,2,4,4,2,4,3,2,5,5,4,3,3,3,4,1,1,1,1,0,0,1,5,4,4,4,2,2,4,0,1,1,0
276,5,99,5,99,4,3,3,5,5,5,5,5,5,5,1,1,1,1,1,1,1,5,5,5,5,4,3,3,0,0,0,433.605494382
277,2,5,5,2,3,3,2,4,4,5,4,4,4,5,1,1,1,1,1,1,1,5,5,5,5,5,5,5,0,1,1,71.383272821
279,2,4,4,2,3,3,3,4,4,4,4,4,3,4,1,1,0,1,0,0,0,5,5,3,4,3,2,3,0,0,1,95.1445781635
280,5,4,5,1,2,2,3,5,5,5,5,5,5,3,1,1,1,1,1,1,1,5,5,5,5,5,5,5,0,1,1,0
287,1,4,5,4,1,4,2,4,4,4,4,2,3,4,1,0,1,1,0,1,0,4,1,4,4,1,5,1,0,0,0,199.086548743
292,2,4,4,2,4,2,4,4,4,4,4,3,4,4,1,1,1,1,1,1,1,5,5,5,5,5,5,5,0,1,1,0
295,2,4,4,2,4,4,4,5,5,5,5,5,5,5,1,1,1,1,0,1,1,5,5,5,5,99,99,99,0,1,1,29.7582964422
297,99,99,99,99,99,99,99,99,99,99,99,99,99,99,1,1,1,1,1,1,1,99,99,99,99,99,99,99,0,0,1,99.7037171933
298,1,5,5,1,4,1,2,5,4,5,4,3,5,5,1,1,1,0,0,1,1,4,5,5,3,3,5,5,0,0,1,13.4212614015
299,2,4,4,2,5,3,4,4,4,5,4,4,4,5,1,1,1,1,1,1,1,4,4,5,4,4,4,4,0,0,1,104.53861754
301,2,5,5,1,3,2,2,5,5,5,5,5,5,5,1,1,1,1,1,1,1,1,1,1,1,1,1,1,0,0,1,357.851598665
302,2,5,5,1,3,3,4,4,4,5,4,3,4,4,1,1,1,1,1,1,1,5,5,5,5,5,5,5,0,1,1,0
303,4,2,5,2,5,4,3,4,4,5,4,3,4,3,1,1,1,1,0,0,0,5,5,5,5,2,3,2,0,1,1,678.636477144
304,1,5,5,2,5,3,5,5,5,5,5,3,4,4,1,1,1,1,0,0,0,5,5,5,5,3,3,1,0,0,1,869.774449007
305,4,3,4,3,4,3,3,4,2,2,4,3,3,2,1,1,1,1,0,0,0,99,99,99,99,2,2,2,0,0,1,179.924081934
307,1,5,5,1,5,4,2,5,4,5,5,4,4,5,1,0,1,1,0,1,1,5,4,5,5,1,5,4,0,1,1,0
308,2,3,3,4,4,2,2,5,5,5,5,3,2,5,1,1,1,1,0,0,1,5,5,5,5,1,1,5,0,0,1,25.7708785043
318,4,2,4,2,4,2,3,3,4,5,4,2,4,4,1,1,1,0,0,0,0,4,4,4,2,99,2,3,0,0,1,1480.04359475
321,1,2,4,1,5,5,4,5,5,5,5,4,5,5,1,1,1,0,1,1,1,5,5,5,1,5,5,5,0,0,1,478.846632377
327,1,5,5,1,5,5,4,5,5,5,5,3,4,5,1,1,1,1,0,0,1,5,5,5,5,3,3,5,0,1,1,0
333,2,4,5,2,2,2,2,5,5,5,5,5,5,5,1,1,1,1,1,1,1,5,5,5,5,5,5,5,0,0,1,946.30990296
337,1,5,4,2,4,3,4,4,4,4,4,4,3,4,1,1,1,1,0,1,1,5,5,5,5,5,5,5,0,0,1,207.777546136
344,4,2,3,4,3,3,4,4,4,5,3,4,2,4,1,1,1,1,1,0,1,99,99,99,99,99,2,99,0,0,0,1331.77764384
347,2,3,4,3,4,4,4,4,4,3,4,3,2,4,1,0,0,1,1,0,1,4,4,2,4,4,3,4,0,0,1,2510.28147547
349,1,1,4,1,4,2,4,4,4,5,4,99,4,4,1,1,0,1,0,1,0,5,5,4,5,4,5,1,0,0,1,1236.87083545
350,1,5,4,2,5,3,3,4,5,5,4,4,4,5,1,1,1,1,0,0,0,5,5,5,5,4,4,4,0,0,1,1915.08489017
355,5,1,5,1,3,3,3,4,4,5,4,3,2,3,1,1,1,1,0,0,0,99,99,99,1,99,3,1,0,0,1,1099.50098481
365,2,4,4,3,5,5,3,5,5,5,5,5,5,5,1,1,0,1,1,0,0,5,99,3,5,5,3,3,0,0,1,371.756840386
379,5,3,4,3,2,1,2,4,4,3,4,4,3,3,1,1,1,1,1,1,1,99,99,1,1,1,1,1,0,0,1,22.6584584459
387,3,4,4,3,2,2,1,4,4,4,4,2,4,4,1,1,1,0,0,0,1,4,4,4,4,4,4,4,0,0,0,575.423843407
395,1,5,5,1,4,3,4,5,5,5,5,5,5,5,1,1,1,1,1,1,1,5,5,5,5,5,5,5,0,0,1,141.491541766
402,1,5,5,1,5,5,5,5,5,5,5,5,5,5,1,1,1,1,1,1,1,5,5,5,5,5,5,5,99,99,99,895.560807008
411,4,2,4,3,2,2,1,4,4,5,4,4,4,4,1,1,1,0,1,0,1,3,3,3,2,3,2,3,0,0,0,1422.70702339
412,2,4,4,2,3,3,4,5,5,5,5,5,5,5,1,1,1,1,1,1,1,5,5,5,5,5,5,5,0,0,1,567.389211377
417,4,1,4,4,4,3,4,4,4,4,2,1,1,1,1,1,1,0,0,1,0,4,4,4,1,1,4,1,0,0,1,252.328068375
419,2,4,5,1,5,3,4,4,5,5,4,4,2,4,1,1,1,1,0,0,0,4,5,5,3,3,2,1,1,1,0,1048.94401311
425,4,3,5,3,99,99,99,4,5,3,3,3,4,3,1,1,1,1,1,1,1,99,99,99,99,99,99,99,0,0,1,963.388144644
429,2,4,5,2,3,3,2,4,4,5,4,3,3,4,1,1,1,1,0,0,1,4,4,3,4,4,2,4,0,0,0,948.601736627
430,2,4,5,1,99,99,99,4,4,5,5,2,4,2,1,1,1,1,1,1,1,99,99,99,99,99,99,99,0,0,1,883.76488711
435,2,4,4,3,5,4,4,4,4,5,4,4,4,4,1,1,1,1,0,0,0,5,5,5,4,3,3,3,0,0,1,2129.50569376
437,4,4,4,2,99,3,3,4,2,5,5,4,4,5,0,1,1,1,1,1,1,3,99,99,99,99,99,99,0,1,1,2112.59121112
442,2,5,4,2,4,2,4,4,4,5,5,4,3,4,1,1,1,1,1,1,1,4,5,5,4,5,3,4,0,0,1,1658.77190716
443,4,2,4,2,4,4,5,4,4,5,5,3,4,4,1,1,1,0,0,0,1,99,99,99,2,3,3,99,0,0,1,2230.78545699
445,2,4,4,2,4,3,3,4,4,4,4,4,3,4,1,0,0,1,0,0,1,4,4,3,4,2,2,3,0,0,0,333.506406198
449,4,4,4,2,3,1,3,4,4,4,4,4,4,4,1,1,1,0,1,0,0,99,99,99,1,99,1,1,0,0,1,914.46069688
459,4,2,5,2,3,2,3,5,5,5,4,4,4,4,1,1,1,1,1,1,1,4,4,5,3,3,3,4,0,0,0,918.961814908
460,2,4,4,2,4,3,4,4,5,5,4,4,4,4,1,1,0,1,1,1,1,5,5,4,4,4,4,4,0,1,0,606.816091459
462,2,4,4,2,4,2,2,4,4,5,4,3,3,4,1,1,1,1,1,0,1,5,5,5,4,3,3,4,0,0,1,28.2381800116
464,4,3,3,3,4,3,3,2,2,2,2,1,1,1,1,0,0,0,0,0,1,4,1,4,2,1,1,2,0,0,1,252.099458614
470,1,5,4,2,3,3,2,2,4,5,4,3,2,2,1,1,1,1,0,0,0,5,5,5,5,1,1,1,0,1,1,0
471,1,5,5,1,5,5,5,5,5,4,4,4,4,4,0,0,0,0,0,0,0,5,5,5,5,4,4,5,0,0,0,0
473,2,4,4,2,5,3,5,4,4,4,4,4,4,4,0,0,1,0,0,0,0,3,4,4,4,4,4,4,0,1,1,0
478,3,5,5,1,2,1,2,5,3,5,3,3,3,5,1,1,1,1,1,1,1,4,4,4,4,4,4,4,0,0,1,199.086548743
488,1,5,5,1,99,99,99,4,4,4,4,4,4,5,1,1,1,1,1,1,1,99,99,99,99,99,99,99,0,1,1,32.5000998437
489,3,2,4,4,5,4,3,4,4,4,4,4,2,4,1,0,1,1,0,0,0,3,3,99,3,3,2,3,0,0,1,282.058076588
490,3,4,5,3,3,3,4,5,5,5,5,5,5,5,1,1,0,1,1,0,1,5,5,5,4,4,4,4,0,0,0,426.206070953
491,5,1,4,2,4,3,4,3,4,4,4,4,4,4,1,1,0,1,1,0,1,4,4,4,4,4,1,3,0,0,1,192.70049848
507,2,4,4,3,4,3,4,3,2,4,3,3,3,3,1,1,1,1,0,0,0,4,3,3,3,99,2,2,0,0,1,964.44894111
508,5,3,4,3,4,3,4,2,2,4,3,3,2,4,0,1,0,0,0,0,0,1,4,3,3,1,1,1,0,0,1,1211.91348612
511,3,4,4,2,99,99,99,2,2,4,4,3,3,4,1,1,1,1,1,1,1,99,99,99,99,99,99,99,0,0,0,1333.01236955
512,4,2,4,3,4,4,3,5,3,5,4,3,4,4,1,0,1,1,0,1,0,5,4,5,5,4,5,3,0,1,1,1318.61216324
518,1,5,4,2,4,1,4,4,4,4,4,4,3,3,1,1,1,1,1,0,1,4,4,4,4,4,3,4,0,1,1,1516.27336134
526,1,5,5,1,5,3,2,4,4,5,5,3,4,3,1,1,1,1,0,0,0,99,99,99,99,2,2,2,0,1,1,169.841602364
528,2,3,5,2,3,5,5,4,4,5,4,4,4,5,1,1,1,1,1,1,1,4,5,5,4,5,5,5,1,1,1,323.375811897
537,2,3,4,2,5,5,5,5,4,5,4,3,3,4,1,1,1,1,1,1,1,5,5,5,4,99,5,5,0,1,1,2254.97016846
543,3,3,5,2,4,4,4,4,3,4,4,4,4,4,1,0,0,1,1,0,1,3,1,1,4,4,3,4,0,1,1,408.706259301
545,1,5,5,1,4,3,5,5,5,5,5,5,5,5,1,1,1,1,0,0,1,5,5,4,4,2,2,5,0,0,0,917.81531545
547,99,99,99,99,99,99,99,99,99,99,99,99,99,99,1,1,1,1,1,1,1,99,99,99,99,99,99,99,99,99,99,1184.93739853
551,2,4,1,3,2,3,1,4,3,4,5,3,4,4,1,1,1,1,0,0,0,4,4,4,3,1,1,1,0,0,1,1331.76397283
552,5,5,5,5,5,5,5,5,5,5,5,5,5,5,1,1,1,1,1,1,1,5,5,5,5,5,5,5,0,0,0,1288.97400944
554,2,4,4,2,5,1,4,4,4,5,4,4,4,4,1,1,1,1,1,0,1,4,5,5,5,5,3,99,0,0,0,1288.97400944
563,2,4,4,2,2,2,2,4,4,4,4,4,2,2,1,1,1,1,0,0,0,99,99,99,99,3,3,3,0,0,1,0
571,2,4,4,2,4,3,1,4,4,4,4,4,4,4,0,0,1,0,0,0,0,1,1,5,1,1,1,1,0,1,1,0
588,4,3,4,2,5,4,4,2,3,4,4,3,4,4,1,0,1,1,0,0,0,5,1,5,4,3,2,4,0,0,1,66.5595702386
589,2,4,4,4,5,5,4,2,2,4,4,3,3,4,1,1,1,1,1,0,1,4,4,4,4,4,3,4,0,1,1,277.190395703
591,2,4,4,2,4,4,4,4,4,4,4,4,4,4,1,0,1,1,1,1,1,4,1,3,4,4,4,4,0,0,1,176.837693596
594,2,3,4,2,99,99,99,4,4,4,4,3,3,4,1,1,1,1,1,1,1,99,99,99,99,99,99,99,1,1,1,22.4586134114
597,2,4,4,3,99,99,99,4,4,4,4,4,2,4,1,1,1,1,1,0,1,4,4,3,3,3,2,3,0,0,1,456.462014788
598,5,1,5,1,5,2,4,4,4,5,4,4,4,5,1,0,1,0,0,0,1,5,4,5,1,1,1,5,0,0,0,820.621962269
600,2,4,3,3,5,2,4,5,5,5,5,5,3,3,1,0,1,1,0,0,0,5,3,5,5,3,1,1,0,0,1,522.966336846
603,2,4,4,2,3,2,2,2,4,4,4,3,2,3,1,1,1,1,0,0,0,99,99,99,99,2,2,2,0,1,0,0
604,5,1,5,1,5,5,4,4,4,5,4,3,2,2,1,1,1,1,0,0,1,5,5,5,5,1,1,5,0,1,1,269.532237466
611,2,3,4,2,4,3,3,4,4,4,3,3,3,4,1,1,1,0,0,0,1,4,4,3,3,3,3,4,0,0,1,1034.61268532
619,2,5,5,1,5,2,5,5,5,5,5,5,3,3,1,1,1,1,1,1,1,5,5,5,5,5,5,5,0,0,1,906.859579325
621,1,4,4,2,4,3,2,4,4,4,3,3,3,3,1,1,1,1,1,1,1,5,4,5,4,3,4,4,0,1,1,49.0061540797
624,2,4,4,2,4,3,3,4,4,4,4,4,3,4,1,1,1,0,0,1,0,3,3,3,3,3,2,3,0,0,0,434.999202114
625,1,4,4,1,5,4,5,4,3,4,4,4,4,4,1,1,1,1,0,1,1,4,4,4,4,3,4,4,0,1,0,945.636863056
635,3,4,5,1,4,4,4,4,4,5,4,4,5,4,1,0,1,1,1,0,1,5,5,5,5,5,5,4,0,0,1,1770.0202059
637,2,4,4,2,4,4,4,5,5,5,5,5,5,5,1,1,1,1,1,1,1,4,4,4,4,4,4,4,0,1,1,2019.43424862
646,2,5,5,2,3,2,4,5,4,5,5,4,4,5,1,1,1,1,1,1,1,99,99,99,99,99,99,99,0,0,0,802.999002901
649,4,3,4,2,4,3,3,4,4,4,4,4,4,4,1,1,0,0,1,0,0,4,4,4,4,4,4,4,0,1,0,1288.97400944
659,99,1,3,3,3,3,3,4,4,4,4,3,4,3,1,1,1,1,1,0,0,4,4,4,4,4,4,4,0,0,1,26.0402856354
663,5,2,4,4,5,2,4,4,4,4,4,3,3,4,1,1,0,0,0,0,0,5,5,4,3,1,1,3,0,1,1,0
672,5,4,4,2,2,1,1,5,5,5,5,3,5,5,1,0,1,1,1,1,1,5,1,5,4,4,5,5,0,0,1,199.086548743
674,2,3,4,2,3,1,3,4,4,4,4,99,3,4,1,1,1,0,0,0,1,4,4,2,2,2,3,2,0,0,0,14.3584572795
676,5,1,1,5,5,5,3,5,5,4,4,4,5,5,1,1,1,1,1,0,1,5,5,5,5,5,5,5,0,1,1,0
681,2,4,4,2,99,99,99,4,4,4,4,4,4,4,1,1,1,1,1,1,1,99,99,99,99,99,99,99,0,0,1,176.875042199
682,2,4,4,3,4,3,4,4,4,5,4,3,3,2,1,1,0,1,1,0,0,5,5,4,4,4,2,2,0,0,1,451.198384273
689,5,3,1,5,5,5,3,2,2,2,2,2,2,2,1,1,1,1,0,1,0,5,5,5,5,4,4,1,0,1,1,17.5090943767
690,1,5,5,1,5,5,4,5,5,5,5,5,5,5,1,1,1,1,1,1,1,99,99,99,99,99,99,99,0,1,1,176.126700052
693,2,4,4,2,4,2,3,4,4,4,4,4,3,4,1,0,1,0,0,0,0,4,3,4,2,2,1,2,0,0,0,793.535372391
696,2,4,4,2,4,4,4,4,4,4,4,4,4,4,1,1,1,1,1,1,1,4,4,4,4,4,4,4,0,0,1,690.111018764
698,2,4,4,2,4,2,3,5,4,4,3,3,4,4,1,0,1,1,1,1,1,4,3,4,3,3,3,3,0,1,1,97.3412616391
699,1,4,4,2,4,3,4,4,4,4,4,4,4,4,1,1,1,1,1,1,1,4,1,5,5,3,3,4,0,0,1,116.452144549
705,4,4,4,4,4,3,4,4,4,4,4,4,4,4,1,0,0,1,0,0,0,4,2,4,3,99,1,2,0,0,1,1657.90685534
706,3,3,3,4,3,2,3,4,4,4,3,4,4,4,1,1,1,0,1,1,1,99,99,99,3,99,99,99,0,0,0,1785.21493902
711,4,3,5,3,5,4,5,3,4,5,4,3,2,2,1,0,1,1,0,0,0,3,1,5,4,1,1,2,0,0,0,1288.97400944
712,2,4,4,2,4,2,4,5,5,4,5,5,5,5,1,1,1,1,1,1,1,5,5,5,5,5,5,5,0,0,1,105.739359993
713,1,5,5,1,3,3,2,5,5,5,5,5,5,5,1,1,1,1,1,1,1,5,5,5,5,5,5,5,0,0,1,413.899018602
714,99,99,99,99,4,4,4,99,99,99,99,99,99,99,1,1,1,1,0,0,0,4,5,5,5,5,4,3,0,0,1,100.849249408
718,4,2,4,2,1,2,5,2,2,2,2,2,2,2,1,1,1,0,0,0,0,4,4,4,1,1,1,1,0,1,1,0
719,3,2,4,2,4,3,3,2,4,4,4,3,4,4,1,1,1,1,1,1,1,4,4,99,4,4,4,4,0,0,1,101.006123092
729,2,3,4,2,3,3,3,5,4,5,5,3,4,4,1,1,0,1,1,1,1,99,99,4,99,99,99,99,0,0,1,3999.94255627
732,3,4,4,3,5,5,4,5,4,4,3,4,3,4,1,1,0,0,1,0,1,99,99,4,3,99,4,99,0,1,1,3491.15836669
734,4,2,4,2,4,4,2,4,4,5,4,4,4,4,1,1,1,1,1,0,0,5,5,5,5,5,1,1,0,0,1,1726.73184414
736,4,3,5,1,4,3,5,5,5,5,5,5,5,5,1,1,1,1,1,1,1,5,5,5,5,5,5,5,0,0,0,1394.28716568
740,1,4,4,1,5,5,5,5,4,4,5,5,5,5,1,1,1,1,1,1,1,5,5,5,5,5,5,5,0,0,0,7330.4756261
743,1,5,4,2,5,4,4,4,5,4,4,4,4,4,1,1,1,1,1,0,1,4,5,5,4,4,3,4,0,0,1,4159.26611639
745,2,4,4,2,4,3,3,4,4,4,4,4,3,4,1,1,1,1,1,0,1,4,4,4,4,4,3,4,0,0,1,1669.94570243
750,1,4,5,1,5,4,4,4,4,4,4,4,4,4,1,1,1,0,1,1,1,99,99,99,4,99,99,99,0,0,1,3686.51845749
752,1,2,3,5,4,5,5,4,5,4,3,3,4,4,1,0,1,1,1,1,1,4,4,4,4,4,4,4,0,1,0,7530.74687352
753,3,4,3,3,99,99,99,4,4,3,3,3,3,4,1,1,1,1,1,1,1,99,99,99,99,99,99,99,0,1,1,6951.280766
757,2,4,3,2,4,3,3,4,4,4,4,4,2,4,1,1,1,1,0,1,1,4,4,4,4,3,4,4,0,0,1,1796.43790113
758,5,1,5,1,5,5,5,5,3,5,3,2,3,1,1,0,0,0,0,0,0,5,1,1,1,1,2,1,0,0,0,1679.26908656
766,2,3,4,3,4,4,4,2,2,4,4,3,3,3,0,1,0,1,1,0,1,5,5,5,5,5,3,5,0,0,0,3405.51488384
771,1,5,3,5,3,3,2,4,5,4,4,3,4,4,1,1,0,1,1,0,1,4,5,4,4,4,1,4,0,0,0,7412.77894352
777,4,2,5,2,5,5,5,4,4,5,5,4,5,5,1,1,1,1,1,0,1,99,99,99,99,99,5,99,0,0,0,3792.86589882
778,2,4,4,2,4,2,4,4,4,4,4,3,4,4,1,0,1,1,1,1,1,4,3,4,4,4,4,4,0,0,1,2641.83523985
784,4,4,5,1,4,3,1,4,5,5,5,5,5,5,1,1,1,1,1,1,1,5,5,5,5,5,5,5,0,1,1,0
788,2,4,4,2,4,3,2,5,3,2,2,2,2,2,1,1,0,0,0,0,0,5,5,3,3,1,1,2,0,1,1,85.5914544194
792,2,4,5,4,3,3,2,5,5,5,4,4,5,5,1,1,1,1,0,1,1,5,5,5,5,1,5,5,0,0,1,19.5767393398
795,2,2,2,4,5,5,5,4,4,5,3,4,4,4,1,0,1,1,1,1,1,99,4,99,99,99,99,99,0,1,1,38.6500162921
801,2,2,4,3,4,2,5,4,5,4,4,4,3,5,1,1,1,1,1,1,1,5,5,5,3,5,3,5,0,0,0,0
803,4,4,2,4,2,3,2,4,3,4,3,3,3,2,0,1,1,0,1,0,0,3,99,99,3,99,1,1,0,1,1,74.8218174345
806,4,2,4,4,3,2,4,3,4,4,3,3,2,3,1,1,1,1,1,0,1,4,4,4,99,99,4,2,0,1,1,10.9851629228
809,4,4,4,3,5,4,4,4,4,4,3,4,3,3,1,1,1,1,1,0,1,5,5,5,3,99,3,4,0,0,1,161.237235458
819,1,4,4,2,4,3,4,5,4,4,4,2,2,4,1,0,1,0,0,0,1,4,2,4,1,1,1,4,0,1,1,40.1714488733
830,3,3,5,1,99,99,99,5,5,5,4,4,4,4,1,1,1,1,1,1,1,99,99,99,99,99,99,99,0,0,1,361.209104417
837,2,4,3,3,3,2,2,4,2,4,4,3,1,2,1,1,1,0,1,0,0,4,4,4,4,4,1,1,0,1,1,136.400851161
839,4,3,4,3,3,2,3,4,4,4,4,4,4,4,1,1,1,1,0,1,1,4,99,4,4,2,4,4,0,0,1,204.406341131
846,2,4,4,2,4,2,3,4,4,5,5,3,3,3,1,1,1,1,0,0,0,4,4,4,4,3,3,3,0,0,1,115.835425224
849,2,4,5,5,99,99,99,5,5,5,5,5,5,5,1,1,1,1,1,1,1,99,99,99,99,99,99,99,99,0,1,7.8754538304
851,5,2,4,2,4,4,4,4,3,5,3,3,3,4,1,1,1,1,0,0,1,4,4,4,4,3,4,3,0,0,1,40.0252264455
854,4,3,4,4,3,2,2,4,4,4,4,4,3,4,1,0,1,1,0,0,1,4,3,4,4,4,3,4,0,0,1,229.050110464
855,2,3,4,2,5,4,4,4,4,3,4,2,2,2,1,0,1,1,0,0,1,4,3,4,4,3,3,4,0,0,1,164.710589915
859,4,2,4,2,4,4,3,4,4,4,4,4,3,2,1,1,1,0,0,1,1,4,4,99,3,3,99,99,0,0,0,0
860,2,3,4,2,4,4,4,4,3,4,4,4,3,3,1,1,1,1,1,1,1,4,3,4,4,4,3,3,0,1,1,0.04026644769
864,2,4,4,2,4,3,3,4,4,5,5,3,3,4,1,1,1,1,1,0,0,4,4,4,4,4,2,2,0,0,1,41.7752750998
865,4,3,5,1,3,2,2,4,5,5,4,4,4,5,1,1,1,0,1,0,1,5,5,4,4,4,4,4,0,0,0,71.0611224633
866,1,1,3,3,4,2,3,2,2,3,2,2,3,3,1,1,1,1,0,0,1,5,5,5,5,3,3,5,0,0,1,193.186197369
869,2,5,5,2,5,5,5,4,4,4,4,4,4,4,1,0,1,1,0,1,1,5,5,5,4,4,5,5,0,0,1,264.754636667
876,2,4,4,2,5,5,5,4,5,4,3,3,3,4,1,1,1,1,1,1,1,99,99,99,99,99,99,99,1,1,1,0
877,4,4,4,2,4,2,3,2,3,4,4,1,4,4,1,1,1,0,0,0,0,4,4,4,1,1,3,1,0,1,1,48.0838786272
882,2,5,1,5,4,4,99,4,4,5,5,5,3,4,0,0,1,1,0,0,0,1,1,5,5,1,1,1,0,0,1,47.2630813972
883,2,4,4,2,4,4,3,4,4,5,4,4,4,4,1,1,1,1,1,1,1,5,5,5,5,5,5,5,0,1,1,20.7197659041
884,5,5,4,4,5,4,4,5,5,5,5,4,4,4,1,0,0,1,0,0,0,4,4,2,5,3,3,3,0,0,1,68.4941260796
885,1,5,5,1,5,4,4,5,5,5,5,4,5,5,1,1,1,1,1,1,1,5,5,5,5,5,5,5,0,1,1,2.49137997307
888,4,2,99,2,4,2,4,5,5,5,5,5,5,5,1,0,1,1,1,1,0,99,3,99,99,99,99,5,0,1,1,118.085855852
893,2,4,4,2,4,3,3,4,4,5,3,3,3,4,1,1,1,0,1,1,1,99,99,99,99,99,99,99,0,0,1,245.723579223
895,1,5,5,1,2,4,3,4,4,5,5,4,4,4,1,1,1,1,1,0,0,5,5,5,5,5,2,2,0,0,0,114.203145204
900,3,2,5,3,5,4,3,2,2,4,2,2,1,2,1,0,0,0,0,0,0,5,1,4,2,2,1,2,0,0,1,90.402412859
901,4,2,3,3,4,3,3,2,2,99,99,2,2,2,1,0,1,0,0,0,0,4,4,4,3,1,1,1,0,0,1,90.402412859
904,2,3,5,2,99,99,99,4,4,4,4,4,4,4,1,1,1,1,1,1,1,99,99,99,99,99,99,99,0,1,1,18.0323643263
914,4,2,2,4,4,3,4,4,4,5,4,4,4,4,1,1,0,1,0,0,0,4,4,2,3,2,2,2,0,1,1,13.2581957451
921,2,4,5,1,4,4,4,5,5,5,2,2,2,2,1,0,0,1,0,0,0,4,3,1,4,2,3,3,0,0,1,140.237028358
922,1,4,4,2,5,2,2,3,3,5,5,3,3,3,1,0,1,1,0,0,0,5,3,5,5,1,1,1,0,1,1,80.9348297611
929,2,4,5,1,4,2,5,5,4,5,5,3,3,5,1,0,1,0,0,1,1,5,1,5,4,5,5,5,0,0,1,397.032450457
930,3,3,4,2,5,3,4,5,4,4,5,5,4,3,1,1,1,1,1,0,0,5,5,5,5,5,3,3,0,1,0,417.679563253
932,2,4,4,2,4,3,3,4,4,4,4,3,4,4,1,1,1,1,0,0,0,5,5,5,4,4,3,3,0,0,1,369.558832136
938,2,4,5,2,5,5,4,5,5,5,5,5,5,5,1,1,1,1,1,1,1,4,99,4,4,4,4,4,0,0,0,204.761032863
939,2,4,5,1,99,99,99,4,4,5,4,1,2,4,1,1,1,1,1,1,1,99,99,99,99,99,99,99,0,0,1,211.046119364
941,3,3,4,1,4,3,3,4,4,4,4,4,4,4,1,0,0,1,0,0,1,5,99,1,99,2,2,99,0,0,0,136.85547977
945,2,4,4,2,4,3,3,4,4,4,4,4,2,4,1,1,1,1,1,0,1,5,5,5,5,5,2,5,0,0,1,71.4379066816
949,1,5,5,1,5,5,5,5,5,5,5,5,5,5,1,1,1,1,1,1,1,99,99,99,99,99,99,99,0,1,1,67.4923281262
952,1,5,5,1,5,5,5,4,4,5,5,5,5,5,1,1,1,1,1,0,1,5,5,5,5,5,1,4,0,0,1,90.4578655795
953,3,4,5,1,4,2,3,4,4,5,4,3,3,4,1,1,1,1,0,1,1,4,99,5,99,3,99,4,0,0,1,84.6050568917
954,2,4,4,2,2,2,2,4,4,5,4,4,4,4,1,1,1,1,0,0,1,4,4,4,4,1,1,4,0,0,1,134.644030291
956,4,2,3,4,3,3,3,3,3,5,4,3,3,3,1,1,1,0,0,0,1,4,4,5,3,3,3,4,0,0,1,68.1583270107
960,4,3,3,3,4,3,2,4,4,4,4,4,3,3,1,0,1,0,0,0,0,4,4,4,4,4,4,4,0,0,1,273.292573754
971,3,99,99,99,4,3,3,4,4,99,4,99,4,4,1,1,1,1,1,1,1,2,2,2,2,2,2,2,0,0,1,162.970120235
973,1,4,5,1,3,2,1,4,4,5,5,4,5,4,1,1,1,1,0,1,1,5,5,4,4,3,4,4,0,0,1,69.287787854
974,1,4,4,2,5,4,4,4,4,4,4,4,4,4,0,1,1,1,0,0,1,3,4,4,4,2,4,5,0,1,1,27.2053649517
977,3,2,5,1,99,99,99,1,2,5,2,3,2,2,1,1,1,1,1,1,1,99,99,99,99,99,99,99,0,1,1,19.3283623838
978,1,5,5,2,5,5,5,5,5,5,5,5,5,5,1,1,1,1,1,1,1,5,5,5,4,4,4,4,0,1,1,21.4542574607
979,4,2,5,2,5,2,5,5,5,5,5,5,5,5,1,1,1,1,1,1,1,4,4,4,4,4,4,4,0,1,1,64.3014509959
981,3,2,4,2,5,3,3,4,4,5,4,4,3,4,1,0,1,1,1,0,1,4,1,4,2,4,1,3,0,0,1,111.197473872
983,4,2,5,1,5,5,5,5,5,5,4,4,3,4,1,0,1,1,0,1,1,5,3,5,3,2,5,5,0,1,1,98.2959583234
988,4,1,4,3,5,3,4,4,4,5,5,5,5,5,0,1,0,0,0,0,0,2,5,4,4,4,4,4,0,0,0,0
989,2,4,4,3,3,2,3,4,4,3,4,3,4,4,1,0,1,1,0,1,1,4,3,4,4,3,4,4,0,1,1,0
991,2,4,4,2,3,3,4,4,4,5,5,4,3,4,0,0,1,0,0,0,0,4,4,99,4,4,4,4,0,1,1,185.902962122
992,1,5,4,2,3,2,2,2,4,4,2,3,2,4,1,1,1,0,0,0,1,5,5,5,2,1,1,1,0,0,1,10.1373332999
1004,2,4,4,2,5,3,3,5,5,5,5,3,3,4,1,1,1,1,0,1,1,5,5,5,5,3,5,5,0,1,1,30.900306356
1008,2,4,4,2,5,4,3,4,4,4,4,4,4,4,1,1,1,1,1,1,1,99,99,99,99,99,99,99,0,1,1,6.23004480928
1022,3,1,5,1,5,4,5,4,4,5,4,4,4,4,1,1,1,1,0,0,0,4,4,5,4,1,1,1,0,1,1,87.5496264602
1026,3,2,4,3,4,3,3,4,4,4,4,4,1,4,1,1,1,1,1,0,1,4,4,4,4,4,1,2,0,1,1,50.7996063327
1028,5,4,3,5,1,5,4,5,4,4,5,4,4,4,0,0,0,1,1,0,1,2,2,1,4,4,2,4,0,0,1,167.0398328
1032,4,3,4,2,5,3,5,4,4,4,4,3,1,2,1,0,1,0,0,0,0,4,99,3,2,2,1,1,0,0,1,360.286102007
1033,4,3,5,2,5,4,3,4,5,5,4,4,3,4,1,1,1,1,0,0,0,5,5,5,5,3,1,2,0,0,1,29.2624555728
1036,2,4,4,2,2,2,4,4,4,4,4,4,4,4,1,1,1,1,1,1,1,99,99,99,99,99,99,99,0,0,0,137.302717659
1045,1,5,2,2,4,3,2,5,5,5,3,3,3,4,1,1,0,0,0,0,0,99,99,1,1,1,1,1,0,0,0,59.0375464744
1049,1,4,5,1,5,4,4,3,4,5,5,4,4,5,0,1,1,1,1,0,1,3,5,5,5,5,1,5,0,1,1,14.0767290712
1054,4,2,4,2,2,1,2,2,2,4,2,3,2,4,0,0,1,0,1,0,1,1,1,5,1,4,1,4,0,0,1,233.008131596
1056,3,4,3,4,4,3,3,4,4,4,2,2,2,4,1,0,1,1,1,0,1,4,1,3,4,4,2,3,0,0,1,229.154427815
1057,2,4,4,2,3,2,3,4,4,4,4,3,3,3,1,0,1,0,0,0,0,99,4,99,3,3,3,2,0,0,0,208.943851935
1058,2,4,4,2,3,3,4,4,5,5,4,4,5,5,1,1,1,1,1,1,1,5,99,5,5,5,5,5,0,0,1,0
1065,4,1,4,3,4,1,2,4,4,4,4,3,3,3,1,1,1,1,0,0,0,4,4,4,4,2,2,1,0,0,1,385.514455423
1066,2,4,4,2,4,2,2,2,2,4,4,3,2,2,1,0,0,0,0,0,0,4,4,4,4,4,3,3,0,0,0,351.196220974
1069,1,5,5,1,5,2,4,5,5,4,4,4,4,5,0,0,0,0,0,0,0,2,2,2,2,2,2,2,0,0,0,345.073511816
1081,2,3,5,1,5,4,5,4,4,4,4,4,4,4,1,0,1,0,0,1,1,3,3,4,2,4,4,4,0,1,1,59.4744144769
1084,4,2,5,2,4,4,4,4,4,4,4,3,4,3,1,1,1,1,0,1,0,5,5,5,5,3,5,1,0,1,1,148.312288642
1087,2,4,4,2,4,3,3,4,4,4,4,4,4,4,1,1,1,1,1,1,1,5,5,5,5,5,5,5,0,0,1,85.7749231609
1088,2,4,4,2,3,2,2,4,4,5,3,3,3,4,1,1,1,0,0,0,1,5,5,5,2,2,4,5,0,0,1,169.042785015
1089,2,4,3,3,4,2,3,4,4,4,4,4,3,3,1,1,1,1,1,0,1,99,99,99,99,99,99,99,0,0,1,135.159211509
1091,2,4,4,2,4,2,4,4,4,4,4,3,3,3,1,1,1,1,0,0,1,4,4,4,4,1,3,4,0,0,1,71.4660371266
1098,2,2,2,3,3,3,4,4,3,4,4,4,3,4,1,0,1,1,1,0,1,4,1,4,4,4,1,2,0,0,1,114.019929894
1104,5,1,2,5,5,3,5,5,5,4,5,5,3,4,1,1,1,1,1,1,1,5,5,5,5,4,4,5,0,1,1,582.665868617
1106,3,4,4,3,4,2,3,2,4,4,4,4,4,4,1,1,1,1,1,1,1,4,4,4,4,4,4,4,0,1,1,0
1109,2,4,4,2,4,3,4,4,4,4,4,4,3,4,1,1,1,1,1,1,0,4,4,4,4,4,4,2,0,0,1,180.163371888
1112,3,4,4,3,2,2,2,2,3,3,3,3,3,3,1,0,1,1,1,1,0,99,99,99,99,99,99,99,0,0,0,0
1114,2,4,5,2,4,3,4,5,5,5,5,5,4,5,0,0,0,1,0,0,0,3,2,1,3,2,1,2,0,1,1,61.0354391592
1116,4,5,4,2,5,5,3,5,4,5,5,5,5,5,1,0,1,1,0,1,1,5,4,5,5,5,5,5,0,0,1,0
1117,4,4,5,1,5,4,4,2,4,5,2,2,4,4,1,1,1,1,1,0,0,4,5,5,4,99,2,1,0,0,1,93.2073031823
1121,4,3,5,2,3,2,2,4,4,4,4,3,99,3,1,1,1,1,0,0,1,4,4,4,4,2,2,3,0,0,1,99.2809948971
1122,1,5,5,1,4,2,4,3,5,5,5,3,5,5,1,1,1,1,0,0,0,4,5,99,99,99,1,1,0,0,1,140.719334105
1126,5,5,5,5,2,3,4,5,2,5,5,5,5,5,1,1,1,1,1,1,1,99,99,99,99,99,99,99,0,0,0,184.848893729
1129,2,4,4,2,4,3,4,4,4,5,4,3,3,3,1,0,1,1,1,0,0,4,3,4,4,99,4,2,0,0,0,139.394028478
1130,99,5,5,1,5,5,5,5,5,5,5,5,5,5,1,0,1,0,1,0,0,5,5,99,5,99,5,99,0,0,1,286.523538045
1131,2,4,4,2,5,5,4,4,4,5,4,4,4,4,1,0,1,0,0,1,1,4,4,5,4,4,4,4,0,0,0,98.405069783
1133,4,2,4,2,5,2,4,4,4,4,4,4,4,4,1,1,1,1,0,1,1,4,4,4,4,2,4,4,0,0,1,129.047692128
1134,4,2,4,2,3,2,2,2,2,5,4,4,3,4,1,1,1,0,0,0,0,4,4,4,2,2,2,2,0,0,1,137.302717659
1137,4,5,5,1,4,2,5,5,5,5,5,5,5,5,1,0,1,1,1,1,1,5,2,5,5,5,3,4,0,0,0,192.878052475
1139,4,2,5,2,4,4,2,4,4,5,4,4,4,4,0,1,1,1,0,0,1,3,5,5,4,99,3,5,0,1,1,6.80224564126
1143,1,5,4,2,99,99,99,4,4,5,4,3,4,4,1,1,1,1,1,1,1,99,99,99,99,99,99,99,0,0,1,158.205137187
1146,4,1,2,4,3,2,3,4,4,4,4,4,4,4,1,0,0,1,1,1,0,4,4,4,4,4,4,1,0,0,1,64.2954350828
1155,2,3,4,3,4,4,4,4,4,5,4,3,4,4,1,0,1,0,0,1,0,4,4,4,4,1,4,1,0,1,1,14.905896743
1160,2,4,3,3,3,3,3,4,4,4,3,1,1,3,1,1,1,1,1,0,0,99,99,99,2,2,2,3,0,0,1,51.1901727822
1163,2,4,4,2,4,2,4,4,4,5,5,4,2,2,1,0,1,0,0,0,0,5,3,5,1,1,1,1,0,0,1,230.698032271
1167,2,4,4,2,4,2,4,4,4,4,4,4,4,4,1,1,0,1,1,0,1,4,4,4,4,4,4,4,0,0,1,8.25531497132
1171,1,5,5,1,4,4,3,4,4,5,5,4,3,4,1,1,1,1,1,0,1,4,4,4,4,3,2,5,0,0,1,69.6337401243
1177,1,1,5,1,4,2,3,5,5,5,5,5,5,5,1,1,1,1,1,1,1,5,5,5,5,5,5,5,0,0,1,60.3032834411
1179,2,4,3,4,5,3,5,5,5,5,5,3,3,4,1,1,1,0,0,0,1,5,5,5,3,3,3,3,0,0,1,182.951330218
1184,2,4,5,1,4,2,3,4,4,5,4,4,2,2,1,1,1,0,0,0,0,4,4,5,4,4,2,2,0,0,1,233.943503759
1190,3,4,4,3,5,5,3,4,2,3,3,3,4,4,1,1,1,0,1,1,1,4,2,4,3,3,3,3,0,1,1,92.0047469385
1194,2,4,5,1,2,2,2,4,5,5,5,3,4,5,1,1,1,1,0,1,1,99,99,99,99,3,99,99,0,0,1,14.8069414066
1198,5,5,5,5,99,99,99,5,5,5,5,5,3,2,1,1,1,1,1,1,1,99,99,99,99,99,99,99,0,0,1,1594.67114575
1216,2,4,5,1,5,3,4,4,4,5,4,4,1,3,1,1,1,1,1,0,0,4,4,4,4,3,4,3,0,1,1,133.457290795
1217,4,4,4,2,3,3,99,5,5,5,5,5,5,5,1,1,1,1,1,0,1,1,5,5,5,5,1,5,0,1,0,53.6398997365
1218,2,4,4,2,4,2,2,4,4,4,2,2,3,4,0,0,0,0,1,0,1,1,3,1,1,4,1,5,0,0,0,65.5122981626
1219,4,2,4,2,2,2,2,2,5,4,4,3,5,5,1,1,1,1,0,1,1,4,5,5,4,4,4,4,0,0,1,17.7778666591
1228,2,4,4,2,5,3,3,3,3,4,4,3,4,4,1,1,1,1,1,1,1,4,99,5,5,5,5,5,0,0,1,109.094329458
1233,3,2,3,4,3,4,4,4,4,4,4,3,3,3,1,1,1,1,0,0,0,4,4,4,4,3,3,3,0,0,1,314.752116264
1238,2,5,3,4,5,2,4,4,4,4,4,2,3,5,1,0,0,1,0,0,1,4,4,4,4,2,2,4,0,1,1,133.778459457
1240,2,4,4,2,3,1,2,4,4,5,4,3,3,4,1,1,1,1,1,0,1,5,5,5,5,99,4,5,0,0,0,142.056190635
1245,3,4,3,3,4,4,4,2,2,4,4,4,4,4,1,1,1,1,1,1,1,3,3,3,4,99,4,4,0,0,1,208.407369814
1247,4,2,4,2,5,4,4,3,3,4,4,3,3,3,0,1,1,0,0,1,0,4,4,4,4,2,4,2,0,0,0,233.88475531
1252,4,2,4,2,3,3,4,2,4,5,4,4,4,4,0,1,1,1,0,1,1,3,5,5,4,4,4,4,0,1,0,150.627350962
1253,2,4,5,1,3,1,3,4,3,4,4,4,4,4,1,1,1,1,1,1,1,99,99,99,99,99,99,99,0,0,1,57.5127929343
1254,2,4,2,4,4,3,4,3,3,4,4,4,4,4,1,1,1,0,0,1,1,4,4,4,2,1,4,4,0,0,1,27.6042648996
1260,3,3,4,2,99,99,99,4,4,4,4,4,3,4,1,1,1,1,1,1,1,99,99,99,99,99,99,99,0,0,1,358.9821692
1262,99,3,4,2,5,5,5,99,4,4,2,2,3,2,1,1,1,1,1,1,1,99,4,99,3,99,1,99,0,0,1,50.9173334229
1268,2,4,5,1,4,3,3,3,4,4,4,4,4,4,1,0,1,1,0,1,1,3,3,4,4,4,4,4,0,0,1,44.2008041103
1271,3,3,4,2,5,4,4,3,4,5,4,4,3,3,1,1,1,1,0,0,0,4,4,4,4,2,2,2,0,1,1,184.414458262
1273,2,4,5,1,5,5,3,5,5,5,4,4,4,5,1,1,1,1,0,0,1,4,4,4,4,4,5,4,0,0,1,111.836004136
1277,4,2,3,4,4,3,3,4,4,4,4,4,3,4,1,1,1,1,1,0,0,4,4,4,4,4,1,1,0,0,1,45.1165584251
1287,2,4,4,4,5,1,4,4,4,4,4,4,4,4,1,1,1,1,1,1,1,99,99,99,99,99,99,99,0,0,1,299.277954858
1291,4,3,5,2,99,99,99,4,4,5,4,3,3,3,1,1,1,1,1,1,1,99,99,99,99,99,99,99,0,1,1,123.512811305
1294,4,2,3,4,2,3,3,4,4,4,4,4,4,4,1,1,1,1,1,1,1,4,4,4,4,4,4,4,0,1,1,0
1301,2,4,3,3,5,3,4,4,4,4,4,4,4,4,1,1,1,0,1,1,1,5,5,5,1,5,5,5,0,0,0,240.049093913
1303,2,4,5,2,5,3,3,4,4,5,4,2,3,4,1,1,1,1,0,0,1,5,5,5,5,4,99,4,0,1,1,0
1307,4,3,5,1,5,4,5,5,5,5,5,2,2,2,1,1,1,1,0,0,0,5,5,5,5,1,1,1,0,1,0,0
1313,5,1,3,4,4,3,4,4,4,5,4,4,4,4,1,1,1,0,1,0,1,4,4,4,2,4,2,4,0,0,1,0
1315,4,3,2,5,4,3,5,5,5,5,5,5,5,5,1,1,1,1,1,1,1,5,4,99,4,4,5,4,0,0,1,161.689667905
1320,2,4,5,99,5,3,5,4,4,4,4,4,4,4,1,1,1,0,1,0,1,4,4,4,3,4,2,3,0,0,1,254.179678933
1321,4,4,4,2,5,3,5,4,4,5,5,4,4,4,0,0,1,0,0,0,0,3,3,3,3,3,3,3,0,0,1,129.047692128
1323,2,4,4,2,5,4,4,4,4,4,4,3,3,4,1,1,1,1,1,1,1,4,4,5,4,4,3,3,0,0,1,110.772922284
1324,4,2,4,2,4,3,4,5,5,5,5,5,5,5,1,1,1,1,1,1,1,5,5,5,5,4,5,4,0,0,1,23.1207662022
1326,4,2,5,2,3,2,2,4,4,4,4,4,4,4,1,1,1,1,0,1,0,4,4,4,4,4,4,3,0,0,1,351.435081089
1327,5,5,5,4,3,1,2,4,3,5,3,3,3,3,1,1,1,0,0,1,1,99,99,99,3,3,99,99,0,0,1,177.521587329
1329,2,3,3,3,4,2,3,3,3,2,3,3,3,3,1,0,1,1,1,0,0,4,1,4,4,4,1,1,0,0,0,160.451501335
1332,2,4,4,3,3,2,3,5,5,5,5,5,5,5,1,1,1,1,1,1,1,3,3,4,4,4,4,4,0,0,0,137.302717659
1335,2,4,4,2,5,4,4,4,4,5,4,4,3,3,1,1,1,1,1,1,0,5,5,5,5,5,4,3,0,0,1,271.415852724
1337,2,3,3,3,4,3,5,3,3,4,4,3,3,3,1,1,1,1,0,0,0,5,4,5,3,1,2,1,0,1,1,172.194045984
1339,4,3,3,2,5,5,5,4,4,4,4,4,4,4,1,1,1,1,1,1,1,5,5,5,5,5,5,5,0,0,1,177.521587329
1340,1,99,5,1,5,5,5,5,4,5,5,5,5,3,1,1,1,0,0,0,0,5,5,5,3,3,3,1,0,0,1,48.7419802199
1341,2,5,4,2,5,4,4,5,4,4,4,4,4,4,1,1,1,1,1,1,1,4,4,4,4,4,4,4,0,0,1,66.327017762
1342,2,4,4,2,5,5,3,2,4,5,2,2,3,4,1,1,1,1,0,0,0,5,5,5,4,99,1,2,0,1,1,102.342901276
1346,4,4,4,2,3,2,3,4,4,4,4,4,3,4,1,1,1,1,1,0,0,4,4,4,4,4,4,3,0,0,1,2.17122821468
1351,3,4,4,2,5,2,4,5,5,4,3,4,2,3,1,1,1,1,0,0,1,5,5,4,99,3,1,4,0,0,0,329.278039632
1352,3,3,4,2,3,2,2,2,2,4,4,3,2,2,1,0,0,1,0,0,0,4,3,1,4,1,2,2,0,1,1,200.26845863
1353,4,1,5,2,4,3,4,5,5,5,5,3,3,3,1,1,1,0,1,0,0,5,5,5,4,5,1,1,0,0,1,144.169186514
1355,2,4,5,2,4,3,4,4,4,5,5,4,2,4,1,0,1,1,1,0,1,4,1,4,4,4,3,4,0,1,1,54.9599204434
1356,2,4,4,2,4,3,3,5,4,5,4,4,3,2,1,1,1,0,1,0,0,5,5,5,3,4,1,2,0,1,1,282.903861182
1357,2,4,4,2,4,2,4,4,4,4,4,3,3,4,1,1,1,1,0,0,1,4,4,4,99,3,3,4,0,0,1,115.212793917
1360,2,4,5,1,5,4,4,4,4,5,5,4,3,4,1,1,1,1,1,0,1,5,5,5,5,5,2,5,0,1,1,2.79781860693
1363,2,4,2,4,5,4,2,4,4,4,4,4,4,4,1,0,1,0,0,0,1,4,3,4,3,3,2,4,0,0,1,65.8489908252
1368,3,3,5,1,5,4,5,5,5,5,4,4,4,4,1,0,1,1,0,0,0,3,1,5,4,1,1,2,0,1,1,28.4768220921
1369,2,4,4,2,99,99,99,4,3,4,5,4,3,4,1,1,1,1,1,1,1,99,99,99,99,99,99,99,0,0,1,52.6202228194
1372,4,2,4,2,5,5,2,4,4,5,4,4,4,4,1,1,1,1,1,0,0,5,99,99,5,5,1,1,0,0,1,0
1374,2,4,4,2,5,5,4,4,1,4,4,2,99,4,0,0,1,1,0,1,0,3,1,5,5,4,4,5,0,1,1,117.862852106
1377,2,3,4,2,5,5,4,2,4,5,4,3,3,3,1,1,1,1,0,1,1,4,4,4,4,2,4,4,0,1,1,177.204316048
1380,4,2,4,3,3,2,2,4,4,5,5,4,4,3,1,0,1,1,0,0,0,4,3,4,99,2,1,1,0,0,0,43.1984633875
1385,3,4,5,3,4,3,4,4,4,4,3,3,1,3,1,0,1,1,1,0,0,4,1,4,4,99,1,1,0,0,1,157.508687663
1388,4,3,4,4,4,4,5,5,4,4,4,3,4,5,1,1,0,0,1,1,1,3,3,3,3,3,3,3,0,0,1,22.0850513272
1394,1,4,5,1,5,4,4,4,5,5,3,3,2,4,1,0,1,0,0,1,1,4,5,5,3,3,5,5,0,0,1,6.90198684671
1396,1,5,5,2,5,5,4,5,5,5,5,5,5,5,1,1,1,1,1,1,1,5,5,5,5,5,5,5,0,1,1,0
1397,1,5,5,1,5,5,4,4,4,4,3,3,3,3,0,1,1,0,0,0,1,4,99,5,3,3,2,2,0,1,1,0
1403,5,2,2,5,5,4,4,4,4,5,4,2,3,4,0,0,1,0,0,0,0,1,1,4,5,3,1,3,0,1,1,0
1406,1,5,5,1,5,3,4,5,5,5,5,4,4,4,1,1,1,1,0,1,1,5,5,5,5,4,5,5,0,0,1,0
1409,5,3,5,3,5,4,5,4,4,4,4,4,4,3,1,1,1,1,0,1,1,4,4,4,4,4,4,4,0,0,0,0
1410,4,2,4,2,4,3,4,4,4,4,4,2,3,3,1,1,1,0,0,0,0,4,4,4,1,1,1,1,0,1,1,0
1412,4,4,4,4,4,4,4,3,4,4,4,3,4,4,0,1,1,1,1,1,1,3,4,5,4,4,4,5,0,0,1,0
1419,4,3,4,3,4,3,2,4,4,4,4,2,1,4,1,1,1,0,0,0,0,4,4,5,4,2,1,3,0,1,1,51.4091083594
1420,4,3,4,3,3,2,4,5,3,5,4,3,3,4,1,1,1,1,0,0,1,5,99,5,5,3,1,3,0,1,1,75.8476047536
1424,4,2,2,5,99,99,99,5,5,5,5,5,5,5,1,1,1,1,1,1,1,99,99,99,99,99,99,99,0,0,0,129.047692128
1430,1,5,5,1,5,3,3,4,5,5,5,5,5,5,1,1,1,0,0,0,0,4,99,5,4,4,4,3,0,0,0,341.113292604
1432,2,4,4,2,4,2,2,4,4,4,4,4,1,1,1,1,1,0,1,0,0,4,4,4,2,4,2,2,0,0,1,292.619288481
1437,3,3,4,2,3,2,2,4,4,5,4,3,4,4,1,0,1,0,1,0,0,5,3,5,2,5,1,3,0,0,1,271.654570412
1439,2,4,4,2,3,2,1,2,4,4,2,2,2,4,1,1,1,1,1,0,1,4,99,4,4,4,4,4,0,0,1,204.620289039
1444,4,3,4,4,4,2,2,4,4,4,4,4,4,4,1,1,1,1,1,1,1,5,5,5,5,5,5,5,0,0,1,28.0682907622
1445,2,4,4,2,2,3,4,4,4,5,4,4,4,4,1,1,1,1,0,0,1,5,5,5,5,4,3,5,0,1,1,38.9206903143
1447,4,2,2,4,3,2,2,4,4,4,4,4,4,4,1,0,0,0,0,0,1,4,1,1,1,3,3,4,0,0,1,168.030420109
1448,2,5,5,1,4,2,5,4,5,5,4,4,4,3,1,1,1,1,1,1,1,4,4,4,4,3,4,4,0,0,1,162.063087568
1449,2,4,4,2,4,3,4,5,4,5,5,4,4,4,1,1,1,1,0,0,0,5,5,4,4,2,3,2,0,0,1,144.500678006
1451,2,3,4,2,5,3,5,2,2,4,4,2,2,4,1,1,1,1,0,0,0,4,4,5,4,1,1,1,0,0,1,256.244195642
1457,2,4,5,2,3,2,3,5,5,5,2,2,1,4,1,1,1,0,1,0,0,5,5,5,1,4,1,1,0,0,1,140.957806804
1460,2,5,4,4,5,3,4,4,4,5,5,3,3,3,1,0,1,1,0,0,1,5,4,5,5,5,1,5,0,1,1,320.383007097
1467,2,4,4,2,3,3,2,4,4,5,3,4,5,5,1,1,1,0,0,0,0,4,4,4,1,4,1,2,0,1,1,68.3256610356
1468,4,3,4,3,99,99,99,4,4,4,5,4,5,4,1,1,1,1,1,1,1,99,99,99,99,99,99,99,0,1,1,47.556974326
1478,2,3,4,4,5,2,2,3,4,4,3,3,4,3,1,1,1,1,1,0,1,5,5,5,5,5,5,5,0,1,1,0
1480,4,2,4,2,4,1,3,5,5,4,4,4,4,4,1,1,1,1,0,0,1,5,5,4,5,5,4,5,0,0,1,6.73417712721
1481,2,4,5,2,3,2,4,4,4,4,4,2,2,2,1,1,0,0,0,1,0,5,5,2,2,3,4,1,0,0,1,90.402412859
1482,3,3,4,2,5,4,4,4,4,4,3,3,2,4,1,0,1,1,0,0,1,5,3,5,4,3,1,4,0,1,1,145.171283081
1485,4,3,4,2,4,3,3,4,4,5,4,3,3,3,1,0,1,0,0,0,1,4,3,4,3,3,2,3,0,0,1,70.3135550755
1496,1,2,5,1,5,3,5,4,4,5,3,3,4,4,1,1,1,1,1,1,1,5,5,5,4,4,4,5,0,1,1,0
1498,4,2,4,2,5,4,4,5,5,5,4,4,4,4,1,1,1,1,0,1,1,4,4,4,4,3,5,5,0,1,1,0
1509,2,4,4,2,4,3,4,4,4,4,4,4,4,4,1,1,1,0,0,0,0,4,4,4,4,3,3,3,0,1,1,0
1515,4,2,2,4,4,4,3,4,2,4,4,2,3,3,1,1,1,1,0,1,1,5,1,5,3,2,99,99,0,1,1,52.9189418018
1517,1,3,1,5,5,3,1,3,4,3,4,3,3,3,1,1,0,0,0,1,0,3,3,3,1,1,3,1,0,0,1,220.225191609
1519,4,2,4,2,5,3,3,4,4,5,3,3,4,4,1,1,1,1,1,1,1,4,4,4,4,4,4,4,0,0,1,54.6679024475
1520,3,2,3,3,3,2,4,4,4,4,4,4,4,4,1,1,1,1,1,0,1,4,4,4,4,4,4,4,0,0,1,281.874617173
1523,2,4,4,2,5,4,5,5,1,4,3,1,2,4,1,0,1,1,0,1,1,99,99,99,99,99,99,99,0,0,0,420.960993727
1525,1,4,4,2,5,2,5,5,5,5,5,2,2,5,1,1,1,1,1,1,1,3,5,5,5,5,5,5,0,1,1,220.646660694
1535,2,4,4,2,4,3,3,4,4,4,4,2,4,4,1,1,1,1,1,1,1,4,4,4,4,4,4,4,0,0,0,36.209007839
1537,1,4,5,1,99,99,99,5,4,5,5,5,5,5,1,1,1,1,1,1,1,99,99,99,99,99,99,99,0,1,1,82.1715517155
1539,2,4,5,2,5,2,5,4,4,4,4,4,4,4,1,0,1,0,0,0,1,4,1,4,4,4,4,4,0,0,1,172.753657128
1542,1,5,5,1,3,2,2,5,2,5,4,3,5,4,1,1,0,1,0,1,1,5,4,3,4,3,5,5,0,0,1,250.265610583
1548,5,5,5,1,5,5,5,5,5,5,5,5,5,5,1,1,1,1,1,1,1,5,5,5,5,5,5,5,0,1,1,277.66706479
1550,4,2,2,4,3,3,4,4,4,4,4,4,4,4,1,0,1,1,0,1,0,4,1,4,4,1,2,2,0,0,0,199.307570567
1552,2,4,5,2,3,3,4,4,4,4,4,4,3,3,1,1,1,0,0,1,1,4,4,4,1,3,4,4,0,0,1,148.960476508
1553,2,4,5,2,4,3,4,4,4,4,4,4,4,4,1,1,1,0,1,1,1,5,5,5,4,5,5,5,0,0,0,182.347439602
1554,2,3,3,4,4,2,4,4,4,4,4,4,4,4,1,1,1,1,1,1,1,4,4,4,4,4,4,4,0,0,1,105.557405566
1557,1,5,5,1,4,3,3,5,5,5,4,3,4,4,1,0,1,0,0,0,1,5,3,5,3,5,4,5,0,1,1,2.52915514991
1558,2,5,4,2,3,2,2,5,5,5,4,4,4,4,1,1,1,1,0,1,1,5,5,4,4,4,5,5,0,1,1,172.757808712
1571,2,4,5,1,5,4,4,5,5,5,4,4,5,5,1,1,1,1,0,0,1,4,5,4,3,2,2,4,0,1,1,48.5744345144
1573,1,5,3,3,99,99,99,5,5,5,5,5,5,5,1,1,1,1,1,1,1,99,99,99,99,99,99,99,0,0,1,123.177071995
1574,4,2,5,1,4,4,4,4,2,4,5,5,2,4,1,0,1,1,1,0,1,4,2,4,4,4,2,4,0,0,1,48.4876592634
1579,4,2,4,4,5,2,3,5,5,4,4,3,2,2,1,1,1,0,1,0,0,5,5,5,1,5,1,1,0,0,0,51.0711856451
1581,1,5,4,2,5,99,4,5,3,5,4,3,4,4,1,0,1,1,0,0,0,5,4,5,4,3,3,2,0,0,1,23.2957669405
1590,4,2,3,3,5,4,5,4,4,4,4,4,4,4,1,1,1,1,1,1,1,5,5,5,5,5,5,5,0,1,1,0
1596,2,4,4,2,5,5,5,5,5,4,4,3,4,4,1,1,0,1,1,0,1,5,5,4,5,5,3,3,0,1,1,0
1611,2,5,5,1,3,3,5,4,4,5,5,4,3,5,1,1,1,1,1,0,1,4,5,5,5,5,1,5,0,0,1,0
1612,5,1,4,3,3,2,2,4,4,5,5,3,3,4,0,1,1,1,0,0,0,1,5,5,5,2,1,1,0,0,1,197.796920885
1619,2,4,3,4,4,3,4,4,4,5,4,3,3,3,1,1,1,1,1,0,1,99,99,99,99,99,99,99,0,1,1,117.306505455
1620,1,5,5,2,5,5,4,5,5,5,5,5,5,5,1,1,1,0,1,1,1,4,99,99,3,99,5,5,0,0,1,98.405069783
1624,1,4,5,1,5,4,4,2,4,5,4,4,3,4,1,1,1,1,1,0,1,4,4,5,5,5,5,5,0,0,1,280.317697548
1626,2,4,5,2,5,4,5,4,5,5,4,4,5,5,1,1,1,1,0,1,1,5,5,5,5,4,5,5,0,0,1,407.712434224
1629,1,5,4,2,4,4,3,5,2,4,4,4,3,5,0,1,1,1,0,0,0,3,99,99,99,1,1,1,0,0,0,86.4977811849
1631,4,2,5,2,5,3,4,4,5,5,3,3,4,5,1,1,1,1,1,1,1,99,99,99,99,99,99,99,0,0,0,98.405069783
1635,2,4,4,2,4,2,4,4,4,4,4,4,4,4,1,1,1,0,1,1,0,4,4,4,4,4,4,4,0,0,0,137.302717659
1636,4,99,4,2,4,3,4,4,4,4,4,4,4,4,1,1,0,0,0,0,0,4,4,1,1,1,1,1,0,0,1,137.302717659
1637,2,4,4,2,99,99,99,4,4,4,4,3,4,4,1,1,1,1,1,1,1,99,99,99,99,99,99,99,0,0,0,137.302717659
1640,3,3,5,4,5,3,4,4,4,4,4,4,3,1,1,1,1,0,0,0,0,5,4,4,1,1,1,1,0,0,1,192.414647398
1642,4,3,4,2,4,4,3,4,4,4,4,4,5,5,1,0,1,1,0,1,0,4,4,4,4,4,4,4,0,0,1,213.342860037
1654,1,3,5,5,2,1,4,2,3,3,3,2,4,1,1,0,1,0,0,0,0,4,2,2,2,1,1,1,0,0,1,92.6277505816
1655,3,3,4,2,4,4,4,4,4,4,4,3,4,4,1,0,1,0,1,0,1,4,4,4,5,99,3,5,0,0,1,19.1803517248
1658,2,3,5,2,99,99,99,4,5,5,5,4,3,4,1,1,1,1,1,1,1,99,99,99,99,99,99,99,0,0,0,142.340609402
1663,4,2,2,4,4,4,4,4,5,5,5,5,5,5,1,1,1,0,0,0,0,5,5,5,3,2,4,2,0,0,1,122.772822263
1664,2,2,4,3,5,5,5,5,5,5,5,5,4,5,1,1,1,1,0,0,1,5,5,5,5,5,3,5,0,1,1,43.9217909709
1665,4,4,5,5,5,2,4,4,5,5,5,5,5,5,1,1,1,0,0,1,0,5,5,5,3,3,5,99,0,1,1,84.0085116294
1666,2,3,4,2,3,2,3,4,4,5,4,3,2,2,1,0,1,1,0,0,0,5,1,5,3,1,1,1,0,1,1,133.353654393
1668,1,5,5,1,99,99,99,5,5,5,4,4,3,3,1,1,1,1,1,1,1,99,99,99,99,99,99,99,0,0,1,86.8809398707
1672,5,2,5,1,5,4,4,4,4,5,4,4,4,4,1,1,1,1,0,0,0,5,5,5,5,4,1,1,0,1,1,0
1677,2,5,4,2,3,3,1,2,4,5,4,4,4,4,1,1,0,1,0,0,0,4,4,1,3,1,1,1,0,0,1,90.402412859
1679,2,4,4,5,99,99,99,4,4,4,4,4,4,4,1,1,1,1,1,1,1,99,99,99,99,99,99,99,0,0,1,73.9169711507
1680,4,99,4,4,4,2,4,4,4,5,5,3,4,3,1,0,1,1,0,1,1,99,99,99,99,99,99,99,0,0,1,241.586357444
1682,5,2,5,2,3,1,1,5,5,5,5,4,3,3,1,1,1,1,1,0,1,4,4,4,4,4,1,4,0,0,0,263.239108266
1691,2,3,5,1,4,4,3,5,5,5,3,3,3,3,1,1,1,0,0,0,0,5,5,5,1,1,1,1,0,1,1,0
1692,5,5,5,2,99,99,99,5,5,5,5,5,5,5,1,1,1,1,1,1,1,99,99,99,99,99,99,99,0,0,1,0
1695,4,2,4,2,4,4,4,4,4,5,4,3,4,5,1,0,1,0,0,1,1,4,3,5,3,3,5,5,0,1,1,4.31034140368
1696,5,1,5,1,4,2,5,4,4,5,4,3,3,3,1,0,1,1,1,0,0,4,2,5,4,4,1,1,0,0,1,381.6733342
1703,4,2,4,2,3,2,3,4,5,5,3,3,3,4,1,1,1,0,0,0,1,4,5,4,2,2,3,2,0,0,0,16.1283065305
1704,1,5,5,1,99,99,99,2,2,5,3,4,5,5,1,1,1,1,1,1,1,5,5,5,5,5,5,5,0,1,1,46.0493743861
1706,4,3,3,3,4,4,4,4,4,4,4,3,3,3,1,1,1,1,0,0,0,4,4,4,4,3,3,2,0,1,1,86.1865634984
1709,2,4,4,2,4,3,3,5,5,5,5,4,3,4,1,1,1,1,0,0,1,5,5,5,5,3,3,5,0,0,1,253.779880497
1711,2,4,4,2,3,3,2,4,4,4,4,4,1,2,1,0,1,1,0,0,1,4,4,4,4,3,2,4,1,1,1,40.104361834
1717,4,3,4,2,99,99,99,2,2,4,2,1,2,2,1,1,1,1,1,1,1,99,99,99,99,99,99,99,0,0,0,394.339958443
1718,1,5,5,1,4,3,4,5,5,5,2,2,5,5,1,1,1,1,1,1,1,5,99,5,5,99,5,5,0,0,1,129.047692128
1719,2,4,4,5,4,4,2,4,4,4,4,4,4,4,1,0,1,1,1,0,1,99,4,99,99,99,4,99,0,0,1,16.9066138115
1725,2,4,4,3,4,4,4,4,4,5,5,4,4,4,1,1,1,1,0,0,1,99,99,99,99,2,3,99,0,0,1,107.779678786
1732,1,5,5,1,5,3,5,4,4,5,5,99,4,4,1,1,0,1,0,0,0,4,4,1,99,2,2,2,0,0,0,35.2972295273
1735,3,4,5,1,5,4,4,5,4,4,4,4,4,4,1,0,1,0,0,1,1,5,2,5,5,5,5,5,0,0,1,191.16899742
1737,2,4,4,2,3,2,4,5,5,5,4,4,4,4,1,1,0,0,1,0,1,5,5,5,3,5,4,5,0,0,1,115.943965387
1740,4,2,4,2,4,2,4,4,4,4,4,3,4,4,1,1,1,0,0,1,1,5,5,5,3,3,5,5,0,0,1,40.8896822107
1747,2,5,5,1,4,3,3,3,2,5,4,3,4,4,1,1,1,1,1,0,1,5,5,5,5,5,4,4,0,0,0,45.1962404611
1751,4,2,3,3,3,3,3,4,4,4,4,4,3,3,1,0,0,1,0,0,0,4,3,2,4,2,1,2,0,0,1,200.831848329
1754,1,4,3,4,5,3,5,4,4,4,4,4,4,4,1,1,1,1,0,0,1,4,5,4,4,2,3,4,0,1,1,17.8214687224
1756,4,2,2,4,5,5,4,5,5,5,4,4,5,5,1,0,1,1,1,0,1,4,5,5,4,4,3,5,0,0,1,65.2997120976
1758,3,5,3,3,4,99,3,5,5,4,5,4,4,4,1,0,1,0,0,0,0,99,4,99,1,1,1,1,0,1,1,38.2695140524
1759,2,4,5,1,4,4,3,1,2,4,4,3,2,2,0,0,1,1,0,0,0,1,3,5,99,3,4,4,0,1,1,130.375134532
1760,4,4,4,4,5,5,5,4,4,4,2,4,1,3,1,0,1,1,1,0,1,4,4,4,4,4,4,4,0,1,1,15.9074138163
1762,2,4,2,4,5,5,5,5,5,4,4,3,3,3,1,0,1,1,0,0,0,5,3,5,5,3,3,3,0,1,1,63.0491159242
1764,3,3,5,2,99,99,99,5,5,5,5,3,2,1,1,1,1,1,1,1,1,99,99,99,99,99,99,99,0,0,1,114.562694457
1775,2,4,4,2,5,3,4,5,4,5,4,4,4,5,1,0,1,1,0,0,1,5,3,5,5,3,3,5,0,1,1,64.6088341136
1781,1,5,5,1,5,2,3,5,5,5,5,4,3,4,1,1,1,1,1,0,1,5,5,5,5,5,2,5,0,0,0,1431.99251403
1790,5,5,5,5,4,2,4,5,5,5,5,5,5,5,1,1,1,1,1,1,1,5,5,5,5,5,5,5,0,0,0,3272.47517676
1795,4,2,4,2,3,2,4,3,2,2,2,2,2,2,1,0,0,1,1,0,1,4,3,4,4,4,4,4,0,0,1,4308.3572832
1806,2,3,4,2,4,2,5,4,4,4,4,4,4,4,1,1,1,1,1,1,1,4,4,4,4,4,4,4,0,0,1,1472.50637451
1810,4,2,4,3,4,3,3,4,4,4,4,3,2,2,1,1,0,1,0,0,0,4,4,2,4,2,1,1,0,0,0,1377.59849158
1821,4,2,2,4,5,5,5,4,4,5,4,99,5,4,1,1,0,1,0,0,0,99,99,1,99,1,1,1,0,0,1,1171.5998078
1828,3,3,4,3,4,3,3,3,4,4,4,3,3,4,1,1,1,1,1,0,1,3,4,4,4,3,3,4,0,0,1,4303.12662408
1829,2,4,5,2,4,3,3,4,4,5,4,4,4,4,0,1,0,0,1,0,1,4,5,1,2,2,3,3,0,0,1,2083.43593549
1830,2,3,4,2,4,5,4,4,4,4,4,4,4,4,1,1,1,1,0,1,0,5,5,5,4,3,4,3,0,0,1,1974.11747924
1832,99,4,5,4,3,99,2,4,5,5,5,5,4,4,1,1,1,1,1,1,1,4,4,4,4,4,4,4,0,0,0,2839.00737915
1833,3,3,3,3,99,99,99,4,4,4,4,4,4,4,1,1,1,1,1,1,1,99,99,99,99,99,99,99,0,0,0,2639.01254138
1838,2,4,4,2,5,5,4,2,4,4,4,4,4,4,1,1,0,1,1,1,1,4,5,4,4,99,4,4,0,0,1,1907.91329126
1843,4,2,3,4,4,4,3,4,4,4,4,3,4,4,1,1,1,1,0,1,1,3,4,4,3,3,4,4,0,0,1,5839.67509236
1847,1,4,4,1,5,3,5,5,5,5,5,5,5,5,1,0,1,0,1,0,1,99,5,99,1,99,5,99,0,0,0,2852.23632985
1857,3,2,4,5,5,5,5,4,4,4,4,2,2,2,1,1,0,1,0,0,0,5,5,3,4,3,1,1,0,0,0,2057.20326345
1859,1,5,5,1,2,2,3,4,5,5,5,3,3,4,1,1,1,1,1,0,0,5,5,5,5,5,2,1,0,0,1,4026.96498988
1862,1,5,4,2,4,2,4,2,4,4,4,99,2,3,1,1,1,1,0,0,0,5,5,5,5,2,2,2,0,0,1,2635.64571803
1863,4,1,3,4,4,5,4,2,4,5,4,4,5,5,1,0,1,1,1,0,0,4,4,5,5,4,5,2,0,1,0,2535.54250982
1869,3,3,5,1,5,2,4,4,4,5,1,4,4,4,0,1,1,0,1,1,1,5,5,3,1,3,3,4,0,0,0,1332.72580791
1874,3,2,4,2,3,3,3,4,4,4,4,3,4,4,0,1,1,1,1,1,1,3,2,2,2,2,2,2,0,0,1,6138.31037263
1882,4,4,4,2,99,99,99,4,4,4,4,4,3,4,1,1,1,1,1,1,1,99,99,99,99,99,99,99,0,0,0,3276.49653184
1890,3,3,5,1,5,2,4,4,4,5,3,2,1,4,1,0,1,0,0,0,1,5,5,5,2,2,1,5,0,0,0,3324.00073097
1899,4,1,3,4,4,2,3,4,4,4,4,4,3,4,1,0,1,0,1,0,1,4,4,4,4,4,4,4,0,0,0,1942.13747676
1901,2,4,4,2,4,2,4,4,4,4,4,4,4,4,1,1,1,1,1,1,1,4,5,4,4,4,4,4,0,0,1,1491.00042942
1909,4,3,4,2,4,4,3,5,5,5,3,4,5,4,0,1,1,1,1,1,1,1,99,5,3,99,5,5,0,1,1,0
1911,4,2,4,2,4,3,4,5,5,5,4,4,5,4,1,1,0,0,1,1,1,5,5,3,3,5,5,5,0,1,1,0
1912,2,1,5,1,5,4,4,4,5,5,5,5,5,5,1,1,1,0,1,1,1,5,5,5,4,4,5,5,0,1,1,0
1915,1,4,2,4,3,3,4,5,5,5,5,5,5,5,1,0,0,0,1,1,0,5,2,2,1,5,5,4,0,1,1,11718.058524
1917,4,3,2,4,4,3,5,4,4,4,4,4,4,4,1,0,0,0,0,1,0,4,1,1,1,1,4,3,0,0,1,11487.1313537
1918,1,1,4,1,99,99,99,4,5,5,5,5,4,3,1,1,1,1,1,1,1,99,99,99,99,99,99,99,0,0,1,12080.3114419
1924,3,5,5,1,4,2,4,2,4,5,5,4,5,5,1,1,0,1,1,1,1,4,4,1,4,4,4,4,1,0,1,10685.1668198
1926,3,3,4,1,4,4,4,2,2,4,3,4,3,3,1,1,0,0,0,0,0,3,3,1,2,1,1,1,0,0,1,11438.1517773
1927,4,4,3,4,5,5,5,5,5,5,5,5,5,5,1,0,0,0,0,1,1,5,1,99,4,99,99,99,0,0,1,11237.757192
1930,3,4,4,2,3,1,3,5,4,4,4,3,4,4,1,1,1,1,0,0,0,5,5,5,5,5,4,3,0,0,1,11099.7094714
1937,2,5,5,1,4,2,3,5,5,4,5,5,4,5,1,1,0,1,1,1,1,5,99,3,5,5,5,5,0,0,0,8111.20496536
1947,1,2,5,1,4,4,4,5,5,4,4,4,4,4,1,1,1,0,1,1,1,5,5,4,4,99,4,4,0,0,1,94.6224698701
1948,1,5,5,1,5,4,5,4,5,5,5,5,5,4,1,1,0,1,1,0,1,5,5,5,5,5,5,5,0,0,0,395.735519489
1951,2,4,4,2,3,3,3,4,4,5,4,4,4,4,1,1,1,0,1,1,1,4,4,4,4,4,4,4,0,0,1,429.471201296
1952,3,3,5,1,5,4,4,4,4,5,4,3,4,4,1,1,0,0,0,1,0,4,4,4,4,4,5,5,0,1,1,217.974297988
1954,4,2,4,4,4,3,4,5,4,5,5,5,5,5,1,1,1,1,1,1,0,5,5,5,5,5,5,1,0,1,1,0
1955,1,5,3,4,3,3,2,5,5,4,4,4,5,5,1,1,0,0,1,1,1,5,5,5,5,5,5,5,0,0,1,725.956782515
1956,1,5,5,1,5,4,4,5,5,4,5,5,5,5,1,1,1,0,1,1,1,99,99,99,2,99,99,99,0,1,1,704.305868318
1970,2,4,5,2,4,3,3,5,4,4,4,3,5,3,1,1,1,0,1,0,1,5,5,4,3,4,4,5,0,0,1,3471.16618929
1974,2,2,5,5,4,2,3,4,5,5,4,4,4,4,1,1,1,1,1,1,1,5,5,5,5,4,5,5,0,0,0,3496.39075611
1976,4,1,3,4,4,4,3,4,4,4,4,4,4,4,1,1,1,1,0,0,0,2,5,4,3,4,4,1,0,1,0,17464.5736359
1984,1,5,5,1,5,5,5,5,2,5,5,4,3,3,1,0,1,1,0,0,0,5,2,5,5,3,1,1,0,0,1,11196.1280285
1986,5,4,4,5,5,5,5,5,5,3,4,4,3,3,1,0,0,0,1,0,0,5,3,3,3,4,1,1,0,0,1,10976.5419485
1988,1,4,5,1,4,3,3,4,4,4,4,4,4,4,1,1,0,1,1,0,1,99,99,3,99,99,4,4,0,0,1,10934.0111551
1989,4,4,3,4,4,4,5,4,4,2,2,2,99,2,1,1,0,1,1,1,0,5,4,4,4,4,4,3,0,0,0,10945.2153403
1993,2,4,5,2,4,3,3,4,4,4,4,4,4,4,1,1,1,1,1,1,1,4,4,4,4,4,4,4,0,0,1,11110.2225512
1994,5,1,4,4,2,2,4,2,2,4,4,4,4,4,0,1,1,0,0,0,0,3,4,4,3,3,2,1,0,0,1,11244.9069745
1997,3,3,3,4,5,4,5,4,4,4,4,4,4,4,1,1,0,0,0,0,0,1,1,1,1,1,1,1,0,1,1,10984.9221232
2000,99,99,99,99,4,4,5,99,99,99,99,99,99,99,1,1,0,1,0,1,1,5,5,3,4,4,4,5,0,0,1,11980.464066
2001,3,3,4,2,4,4,5,5,4,5,5,4,4,4,1,1,1,0,1,0,1,99,99,99,3,99,3,99,0,0,0,10111.488425
2012,3,3,3,3,4,4,4,3,3,3,3,3,3,3,1,1,1,1,1,1,1,4,4,4,4,4,4,4,0,0,1,254.30268306
2018,3,3,3,4,5,3,5,4,4,5,4,4,4,4,1,1,1,0,0,1,0,5,5,5,1,1,3,1,0,0,1,352.317850896
2021,5,2,4,2,4,4,4,5,5,5,5,5,3,3,1,1,1,1,1,1,1,5,4,5,4,4,3,3,0,0,1,426.29894759
2022,2,4,5,1,5,5,4,5,5,5,5,4,3,3,1,1,0,0,0,0,0,3,4,2,3,2,1,1,0,0,1,378.774576989
2023,2,4,4,2,4,3,4,4,4,4,4,4,4,4,1,1,1,1,0,0,0,5,5,5,5,3,3,3,0,0,1,279.387511679
2036,3,4,3,4,4,3,4,4,3,3,3,3,3,3,1,1,1,0,1,0,0,4,4,4,3,4,3,3,0,0,1,3468.04928822
2038,2,4,4,2,3,2,2,4,4,4,4,4,3,4,1,1,1,0,1,0,1,4,4,4,4,4,2,4,1,1,1,3467.96133692
2039,3,2,4,4,2,2,3,2,2,4,2,2,3,3,0,0,0,0,1,0,1,2,2,1,2,2,1,2,0,0,0,18196.2201661
2057,2,4,4,4,3,3,2,4,4,4,4,4,3,4,1,0,0,1,1,1,1,4,4,1,4,4,4,4,0,0,0,11103.7462394
2058,5,1,1,1,5,5,5,3,3,5,4,3,3,3,1,0,1,0,0,0,0,3,3,3,3,3,3,3,0,0,1,11083.8337664
2059,4,2,5,2,3,2,3,4,4,5,4,3,3,2,1,1,1,0,0,0,1,4,4,4,1,1,3,4,0,0,0,11200.9662974
2060,1,5,5,2,2,2,1,5,5,5,5,5,5,5,1,1,1,1,0,0,1,5,5,5,5,1,1,5,0,0,0,10859.5361365
2063,1,5,5,1,5,4,5,5,5,5,5,3,3,4,1,1,1,1,0,0,1,99,99,99,99,3,3,99,0,0,1,11722.6260676
2075,3,3,3,3,4,3,4,4,4,4,4,4,4,4,1,1,0,0,1,1,1,4,4,3,3,99,4,4,0,0,1,1160.30522857
2076,3,3,4,2,99,99,99,4,4,5,5,5,5,5,1,1,1,1,1,1,1,99,99,99,99,99,99,99,0,0,1,417.485985654
2081,4,2,2,4,4,3,3,2,2,5,3,2,2,3,1,0,1,0,0,0,0,5,4,5,1,1,2,1,0,0,1,363.549417227
2084,1,4,4,3,4,2,4,4,4,4,4,4,4,4,1,1,1,1,1,1,1,99,99,99,99,99,99,99,0,0,1,352.201464966
2098,5,2,4,4,2,2,3,4,4,5,3,2,4,2,1,1,0,0,0,1,0,5,5,4,3,3,5,3,0,0,1,3465.11888541
2104,2,3,5,2,4,3,4,4,3,4,4,4,3,4,1,1,1,1,0,0,0,99,99,99,99,1,1,1,0,0,0,16294.6655761
2116,3,3,4,3,4,3,3,3,4,4,4,4,3,4,1,1,1,1,1,0,1,4,4,4,4,4,2,4,0,0,1,11273.2111188
2119,3,3,4,3,1,1,5,5,5,5,5,5,3,5,1,1,0,0,0,1,0,5,5,3,3,3,5,3,0,0,1,10907.7447542
2120,2,4,5,1,4,3,5,5,4,5,5,5,4,4,1,0,0,1,0,0,1,4,2,3,5,4,4,3,0,0,0,10839.0350371
2121,5,2,1,5,4,2,5,4,2,4,4,3,3,2,1,1,0,0,0,1,0,5,2,4,3,1,4,1,0,0,1,11192.5631836
2122,1,1,4,2,4,2,4,5,4,4,4,4,4,4,1,1,1,1,1,1,1,5,5,5,4,5,3,4,0,0,0,11278.9917507
2130,2,5,5,1,2,1,2,5,5,5,5,3,3,3,1,0,1,0,0,0,0,5,4,2,4,4,3,3,0,0,1,7708.2827738
2137,4,2,4,2,4,3,3,4,4,4,4,4,4,4,1,0,0,1,1,0,0,4,4,3,3,4,2,2,0,1,1,510.226085005
2145,4,2,4,2,4,3,2,5,5,4,4,4,4,4,1,1,0,1,0,1,1,5,5,2,4,4,4,4,0,0,1,741.72535298
2149,2,4,4,2,5,5,4,4,4,4,4,2,2,2,1,1,1,0,0,0,0,4,4,4,2,4,2,2,0,0,1,484.541026398
2151,1,5,5,2,3,1,2,4,4,4,4,4,3,4,1,1,1,1,1,1,1,5,5,5,5,5,4,4,0,1,1,162.909515017
2164,2,4,4,2,4,3,4,4,4,4,3,3,2,3,1,0,0,0,0,0,0,4,3,3,2,3,3,3,0,0,1,3462.00219389
2166,2,4,4,3,4,3,3,4,4,4,4,4,3,4,1,1,0,1,1,0,1,4,5,4,4,4,3,4,0,0,0,18216.284058
2167,2,4,5,2,5,4,5,5,5,5,5,5,5,5,1,1,0,1,1,0,0,5,5,5,5,5,3,3,0,0,0,14940.8026497
2169,3,3,4,2,3,2,2,4,3,4,4,3,3,3,1,1,1,0,0,0,0,5,5,5,2,1,4,1,0,0,0,18249.9685986
2171,3,3,4,2,3,2,4,5,5,5,4,4,4,4,1,99,1,1,0,0,0,5,5,5,3,3,3,3,0,0,0,20651.6449452
2173,4,3,4,2,3,3,3,2,2,4,4,2,4,4,1,1,1,1,0,0,1,4,3,2,2,1,3,3,0,0,0,20256.0799246
2178,3,5,5,1,3,3,4,4,4,4,4,4,4,4,1,1,1,1,1,1,1,4,4,4,4,4,4,4,0,0,0,11235.813501
2184,1,4,4,99,4,4,4,4,2,4,4,4,4,4,1,0,0,0,0,0,0,5,2,2,2,2,2,1,0,0,1,11135.521036
2185,5,5,1,5,5,5,5,5,5,5,5,5,5,5,1,1,1,1,1,1,1,99,99,5,99,99,99,99,0,0,1,11636.6131418
2191,2,4,4,2,3,2,4,4,4,4,4,4,4,4,1,1,1,1,1,1,1,4,4,4,4,4,4,4,0,0,1,10791.6118443
2201,4,2,4,4,5,4,5,5,5,4,4,5,3,4,1,1,1,0,1,0,1,5,5,5,5,5,5,5,0,0,1,553.662302821
2206,2,4,4,2,2,2,2,4,4,4,4,3,3,3,1,1,1,1,0,0,1,99,99,99,99,2,2,99,0,0,1,401.897482875
2213,3,3,4,2,5,3,5,5,99,5,5,5,5,5,1,1,1,1,1,0,1,5,5,5,5,5,4,5,1,0,1,512.151153336
2214,2,4,4,2,99,99,99,4,4,4,4,4,4,4,1,1,1,1,1,1,1,99,99,99,99,99,99,99,0,0,1,1104.61222631
2215,4,2,3,4,4,3,5,2,5,4,2,2,1,1,1,1,0,0,0,0,0,5,5,3,3,2,1,1,0,0,1,775.875596415
2217,4,2,3,3,5,3,4,5,5,4,3,3,3,4,1,1,1,0,0,1,1,5,5,2,1,1,5,4,1,0,1,847.005230867
2218,1,5,1,5,5,5,5,2,1,2,1,2,2,2,1,1,1,1,1,0,0,4,4,4,4,4,1,1,0,0,1,1037.50672733
2234,1,5,5,1,5,5,5,5,5,5,5,5,5,5,1,1,1,0,0,1,1,5,5,5,4,4,5,5,0,1,1,3458.69923498
2241,2,4,3,3,4,2,3,2,4,3,3,4,4,4,1,1,0,0,0,1,0,5,5,2,2,2,5,2,0,0,1,11356.6487647
2248,4,2,4,2,5,3,4,4,4,5,4,3,4,4,1,1,0,1,0,1,1,4,4,2,5,3,4,4,0,0,1,11257.4276551
2249,2,4,4,2,5,5,5,5,5,5,5,5,5,5,1,1,1,0,0,1,0,5,5,5,5,4,5,3,0,0,0,11205.8561085
2256,1,5,4,2,4,3,5,5,5,5,5,5,4,5,1,1,1,0,1,1,1,5,5,5,4,99,5,5,0,0,0,11787.8130782
2257,1,5,5,5,5,1,5,5,5,5,5,5,5,5,1,1,1,1,1,1,1,5,5,5,5,5,5,5,0,0,1,11617.4902427
2259,4,2,4,3,4,4,3,4,4,4,4,4,4,4,1,1,0,0,1,0,1,5,5,2,3,3,3,4,1,0,1,9765.59319004
2260,5,99,5,99,99,1,5,5,5,5,5,5,5,5,1,1,1,1,1,1,1,99,99,99,99,99,99,99,0,0,0,7566.27742137
2263,4,4,3,3,5,3,3,5,4,4,4,3,3,3,1,1,0,1,1,0,1,5,5,2,99,99,99,99,0,1,1,10579.1515885
2264,2,4,3,3,5,5,5,4,4,4,4,4,4,5,1,1,1,0,0,0,1,5,5,5,2,3,3,3,0,0,1,375.215570836
2266,2,3,4,2,5,4,4,4,4,4,3,3,4,4,1,1,1,0,1,1,1,99,99,99,4,99,99,99,0,0,1,651.547186923
2268,2,4,4,3,5,4,3,5,5,5,4,4,5,4,1,0,1,0,0,1,0,3,2,4,4,4,3,3,0,1,1,294.695212538
2269,2,4,4,2,3,2,2,4,4,4,4,4,3,4,1,1,1,0,0,1,0,5,5,5,2,4,4,4,0,0,1,272.899111426
2270,3,4,4,3,3,3,2,4,3,4,4,3,4,3,1,0,1,1,1,1,1,4,2,4,4,4,4,4,0,0,1,218.233796442
2273,4,2,4,3,5,2,4,5,5,5,5,5,5,5,1,1,1,1,1,1,1,5,5,5,5,5,5,5,0,0,0,0
2316,1,5,5,1,4,3,4,5,5,5,5,5,5,5,1,0,1,0,0,1,0,5,5,5,1,3,5,1,0,0,1,30.8762608804
2324,1,5,5,1,3,1,1,5,5,5,1,99,1,5,1,1,1,0,0,1,1,5,5,5,1,1,5,5,0,1,0,0
2331,4,3,4,2,5,4,4,4,99,4,4,99,99,4,1,1,1,1,1,1,1,4,4,4,3,3,99,3,0,1,1,24.0577683727
2334,1,4,4,2,5,4,5,5,5,5,5,5,5,4,1,1,1,1,1,0,0,5,5,5,5,5,4,4,1,1,1,80.9608955991
2336,5,2,2,4,5,4,4,5,5,5,5,5,5,5,0,1,1,0,1,1,1,99,5,4,4,5,4,4,0,1,1,45.6844848584
2337,2,4,5,1,4,2,4,4,4,5,4,3,4,4,1,1,1,1,0,1,1,4,5,5,5,2,5,5,0,1,1,92.1913148852
2338,2,4,4,2,4,2,4,3,3,4,3,3,4,4,1,1,1,0,0,1,0,4,4,4,2,2,3,2,1,0,0,925.095030873
2341,2,4,5,2,4,4,4,5,5,5,4,4,4,4,1,1,1,0,1,0,0,5,5,5,2,3,4,3,0,0,0,316.783936704
2344,2,99,5,1,5,5,4,5,5,5,5,5,5,5,1,1,1,1,1,1,1,5,5,5,5,5,5,5,0,0,1,278.007349171
2347,5,1,2,5,5,5,4,4,4,4,4,2,2,4,1,1,1,0,0,0,1,5,5,5,1,1,1,4,0,1,0,9843.98563144
2349,2,2,4,2,4,3,4,5,5,4,4,4,5,3,1,1,1,0,1,1,0,5,5,4,4,5,5,3,0,1,1,156.459499089
2350,2,99,5,2,3,3,2,5,5,5,5,4,1,99,1,1,0,1,1,0,1,5,5,5,5,5,99,3,0,0,1,165.136060693
2352,2,5,5,3,5,5,4,4,4,4,4,4,4,4,1,1,1,1,1,1,1,5,5,5,5,5,5,5,0,0,1,95.6682691103
2355,4,2,2,4,3,2,4,3,3,3,3,3,3,3,1,1,0,0,1,0,0,4,3,2,2,3,2,2,0,0,0,11303.687099
2374,3,3,4,2,4,2,4,2,2,4,4,2,2,2,1,1,1,0,0,0,0,3,4,5,4,4,2,1,0,1,1,94.5359786897
2375,4,2,1,5,5,3,2,4,2,4,3,3,4,4,1,0,1,0,0,0,0,5,1,5,3,2,2,2,1,1,1,33.2706626071
2378,4,2,1,4,1,2,1,4,4,4,3,3,4,3,1,1,1,0,1,1,1,99,99,99,1,99,99,99,0,1,1,3.35086079444
2380,4,1,2,5,4,3,2,4,2,4,4,4,4,4,1,1,1,1,1,1,1,5,5,4,4,4,5,4,0,1,1,27.3692084017
2386,4,2,4,2,4,2,4,4,4,5,4,4,5,5,1,1,1,0,1,1,0,99,99,99,99,4,99,1,0,1,1,0
2391,5,2,4,2,4,3,3,4,4,4,3,2,1,2,1,1,0,0,0,0,0,4,4,5,3,3,3,3,0,1,1,120.354181632
2397,4,2,3,4,3,2,3,4,99,5,4,4,4,4,1,0,0,1,1,1,1,4,3,2,4,4,4,4,0,0,0,10939.9984991
2416,5,1,2,5,5,5,5,5,5,5,5,5,5,5,1,1,1,1,1,1,1,5,5,5,4,4,5,5,0,1,1,19.9978559907
2418,1,4,1,5,5,5,4,5,5,2,1,2,5,5,1,1,1,0,1,1,1,5,5,99,1,4,5,5,0,1,1,1.08399096116
2430,1,4,5,2,3,2,2,4,4,5,4,4,4,4,1,1,1,0,0,1,1,4,4,4,4,2,4,4,1,1,1,83.3664279456
2444,3,2,3,4,4,4,2,5,4,3,4,5,4,5,1,1,1,1,1,1,1,5,5,5,5,5,5,5,0,1,1,24.0514248784
2445,4,4,5,2,5,5,5,5,3,5,3,3,3,2,1,0,1,0,0,0,0,3,1,5,1,1,1,1,0,1,1,42.2278290247
2446,4,3,4,2,4,4,4,2,4,4,3,3,2,2,1,1,1,0,1,1,0,4,4,4,2,2,4,1,0,1,1,134.361968755
2457,4,3,2,4,5,5,5,4,4,5,4,4,4,5,1,0,0,0,1,1,0,4,5,4,4,4,5,4,0,1,1,1016.55611254
2460,2,4,5,3,3,2,3,4,4,4,3,4,4,4,1,1,1,0,0,0,1,4,4,3,2,3,3,4,0,1,1,435.719105737
2461,2,4,5,1,5,5,5,4,4,4,4,4,4,4,1,1,1,0,0,1,1,4,4,5,2,2,4,4,0,0,1,232.803004124
2462,1,5,5,1,2,2,3,5,5,4,5,4,2,2,1,1,0,0,1,0,0,5,5,3,3,3,3,3,0,0,1,149.381671861
2463,2,4,4,2,4,2,4,4,4,5,3,4,5,4,1,1,0,1,0,0,0,4,4,2,3,2,3,2,0,1,1,235.476967457
2470,4,1,2,5,3,2,2,4,4,4,1,2,2,2,1,1,1,0,1,0,1,4,4,4,1,4,4,4,0,1,1,79.5115390474
2471,2,4,4,2,2,2,5,5,4,5,4,4,4,4,1,1,1,0,1,0,1,99,99,99,3,99,4,99,0,0,1,86.8638190032
